USE [CarDealerDb]
GO
SET IDENTITY_INSERT [dbo].[Cars] ON 

INSERT [dbo].[Cars] ([Id], [Make], [Model], [TravelledDistance]) VALUES (1, N'Opel', N'Omega', 2147483647)
INSERT [dbo].[Cars] ([Id], [Make], [Model], [TravelledDistance]) VALUES (2, N'Opel', N'Astra', 9223372036854775807)
INSERT [dbo].[Cars] ([Id], [Make], [Model], [TravelledDistance]) VALUES (3, N'Opel', N'Astra', 922337203685807)
INSERT [dbo].[Cars] ([Id], [Make], [Model], [TravelledDistance]) VALUES (4, N'Opel', N'Corsa', 214747)
INSERT [dbo].[Cars] ([Id], [Make], [Model], [TravelledDistance]) VALUES (5, N'Opel', N'Kadet', 21474847)
INSERT [dbo].[Cars] ([Id], [Make], [Model], [TravelledDistance]) VALUES (6, N'Opel', N'Vectra', 9223372854775807)
INSERT [dbo].[Cars] ([Id], [Make], [Model], [TravelledDistance]) VALUES (7, N'Opel', N'Insignia', 2147483647)
INSERT [dbo].[Cars] ([Id], [Make], [Model], [TravelledDistance]) VALUES (8, N'Opel', N'Astra', 922336854775807)
INSERT [dbo].[Cars] ([Id], [Make], [Model], [TravelledDistance]) VALUES (9, N'Opel', N'Corsa', 21474847)
INSERT [dbo].[Cars] ([Id], [Make], [Model], [TravelledDistance]) VALUES (10, N'Opel', N'Omega', 2147483647)
INSERT [dbo].[Cars] ([Id], [Make], [Model], [TravelledDistance]) VALUES (11, N'Opel', N'Insignia', 9223372036854775807)
INSERT [dbo].[Cars] ([Id], [Make], [Model], [TravelledDistance]) VALUES (12, N'Opel', N'Vectra', 2147483647)
INSERT [dbo].[Cars] ([Id], [Make], [Model], [TravelledDistance]) VALUES (13, N'Opel', N'Astra', 2147483647)
INSERT [dbo].[Cars] ([Id], [Make], [Model], [TravelledDistance]) VALUES (14, N'Opel', N'Omega', 2147483647)
INSERT [dbo].[Cars] ([Id], [Make], [Model], [TravelledDistance]) VALUES (15, N'Opel', N'Corsa', 2147483647)
INSERT [dbo].[Cars] ([Id], [Make], [Model], [TravelledDistance]) VALUES (16, N'Opel', N'Insignia', 9223372036854775807)
INSERT [dbo].[Cars] ([Id], [Make], [Model], [TravelledDistance]) VALUES (17, N'Opel', N'Omega', 9223336854775807)
INSERT [dbo].[Cars] ([Id], [Make], [Model], [TravelledDistance]) VALUES (18, N'Opel', N'Corsa', 2)
INSERT [dbo].[Cars] ([Id], [Make], [Model], [TravelledDistance]) VALUES (19, N'Opel', N'Omega', 1)
INSERT [dbo].[Cars] ([Id], [Make], [Model], [TravelledDistance]) VALUES (20, N'BMW', N'F20', 2147483647)
INSERT [dbo].[Cars] ([Id], [Make], [Model], [TravelledDistance]) VALUES (21, N'BMW', N'F25', 9223372036854775807)
INSERT [dbo].[Cars] ([Id], [Make], [Model], [TravelledDistance]) VALUES (22, N'BMW', N'M5 F10', 10)
INSERT [dbo].[Cars] ([Id], [Make], [Model], [TravelledDistance]) VALUES (23, N'BMW', N'F04', 100000)
INSERT [dbo].[Cars] ([Id], [Make], [Model], [TravelledDistance]) VALUES (24, N'BMW', N'E88', 200000)
INSERT [dbo].[Cars] ([Id], [Make], [Model], [TravelledDistance]) VALUES (25, N'BMW', N'M Roadster E85', 92233720365807)
INSERT [dbo].[Cars] ([Id], [Make], [Model], [TravelledDistance]) VALUES (26, N'BMW', N'1M Coupe', 2147)
INSERT [dbo].[Cars] ([Id], [Make], [Model], [TravelledDistance]) VALUES (27, N'BMW', N'X6 M', 922775807)
INSERT [dbo].[Cars] ([Id], [Make], [Model], [TravelledDistance]) VALUES (28, N'BMW', N'E67', 21447)
INSERT [dbo].[Cars] ([Id], [Make], [Model], [TravelledDistance]) VALUES (29, N'BMW', N'M6 E63', 92235807)
INSERT [dbo].[Cars] ([Id], [Make], [Model], [TravelledDistance]) VALUES (30, N'BMW', N'M6 E63', 2147)
INSERT [dbo].[Cars] ([Id], [Make], [Model], [TravelledDistance]) VALUES (31, N'BMW', N'F20', 21447)
INSERT [dbo].[Cars] ([Id], [Make], [Model], [TravelledDistance]) VALUES (32, N'BMW', N'F04', 2143647)
INSERT [dbo].[Cars] ([Id], [Make], [Model], [TravelledDistance]) VALUES (33, N'BMW', N'M5 F10', 27483647)
INSERT [dbo].[Cars] ([Id], [Make], [Model], [TravelledDistance]) VALUES (34, N'BMW', N'X6 M', 2036854775807)
INSERT [dbo].[Cars] ([Id], [Make], [Model], [TravelledDistance]) VALUES (35, N'BMW', N'F20', 83647)
INSERT [dbo].[Cars] ([Id], [Make], [Model], [TravelledDistance]) VALUES (36, N'BMW', N'X6 M', 483647)
INSERT [dbo].[Cars] ([Id], [Make], [Model], [TravelledDistance]) VALUES (37, N'BMW', N'F04', 483647)
INSERT [dbo].[Cars] ([Id], [Make], [Model], [TravelledDistance]) VALUES (38, N'BMW', N'F20', 975807)
INSERT [dbo].[Cars] ([Id], [Make], [Model], [TravelledDistance]) VALUES (39, N'BMW', N'M6 E63', 214747)
INSERT [dbo].[Cars] ([Id], [Make], [Model], [TravelledDistance]) VALUES (40, N'Fiat', N'Panda', 92233854775807)
INSERT [dbo].[Cars] ([Id], [Make], [Model], [TravelledDistance]) VALUES (41, N'Fiat', N'Panda 4x4 Antarctica', 214747)
INSERT [dbo].[Cars] ([Id], [Make], [Model], [TravelledDistance]) VALUES (42, N'Fiat', N'500 (2007) Abarth 695 Tributo Maserati', 214747)
INSERT [dbo].[Cars] ([Id], [Make], [Model], [TravelledDistance]) VALUES (43, N'Fiat', N'Panda 4x4 Antarctica', 2183647)
INSERT [dbo].[Cars] ([Id], [Make], [Model], [TravelledDistance]) VALUES (44, N'Fiat', N'Panda 4x4', 2147447)
INSERT [dbo].[Cars] ([Id], [Make], [Model], [TravelledDistance]) VALUES (45, N'Fiat', N'Panda', 21447)
INSERT [dbo].[Cars] ([Id], [Make], [Model], [TravelledDistance]) VALUES (46, N'Fiat', N'Freemont', 214647)
INSERT [dbo].[Cars] ([Id], [Make], [Model], [TravelledDistance]) VALUES (47, N'Fiat', N'500L', 21474847)
INSERT [dbo].[Cars] ([Id], [Make], [Model], [TravelledDistance]) VALUES (48, N'Fiat', N'Panda', 21474837)
INSERT [dbo].[Cars] ([Id], [Make], [Model], [TravelledDistance]) VALUES (49, N'Fiat', N'Freemont', 92233685477)
INSERT [dbo].[Cars] ([Id], [Make], [Model], [TravelledDistance]) VALUES (50, N'Fiat', N'Panda 4x4', 92233736854775807)
INSERT [dbo].[Cars] ([Id], [Make], [Model], [TravelledDistance]) VALUES (51, N'Fiat', N'Panda 4x4 Antarctica', 21483647)
INSERT [dbo].[Cars] ([Id], [Make], [Model], [TravelledDistance]) VALUES (52, N'Fiat', N'500L', 2147647)
INSERT [dbo].[Cars] ([Id], [Make], [Model], [TravelledDistance]) VALUES (53, N'Fiat', N'500L', 92233754775807)
INSERT [dbo].[Cars] ([Id], [Make], [Model], [TravelledDistance]) VALUES (54, N'Fiat', N'500 (2007) Abarth 695 Tributo Maserati', 922337205807)
INSERT [dbo].[Cars] ([Id], [Make], [Model], [TravelledDistance]) VALUES (55, N'Fiat', N'Panda', 2147487)
INSERT [dbo].[Cars] ([Id], [Make], [Model], [TravelledDistance]) VALUES (56, N'Fiat', N'500L', 922337204775807)
INSERT [dbo].[Cars] ([Id], [Make], [Model], [TravelledDistance]) VALUES (57, N'Fiat', N'Freemont', 21473647)
INSERT [dbo].[Cars] ([Id], [Make], [Model], [TravelledDistance]) VALUES (58, N'Fiat', N'Panda 4x4', 922036854775807)
INSERT [dbo].[Cars] ([Id], [Make], [Model], [TravelledDistance]) VALUES (59, N'Fiat', N'500 (2007) Abarth 695 Tributo Maserati', 92236854775807)
INSERT [dbo].[Cars] ([Id], [Make], [Model], [TravelledDistance]) VALUES (60, N'Fiat', N'Freemont', 2147647)
INSERT [dbo].[Cars] ([Id], [Make], [Model], [TravelledDistance]) VALUES (61, N'Fiat', N'500L', 922337203675807)
INSERT [dbo].[Cars] ([Id], [Make], [Model], [TravelledDistance]) VALUES (62, N'Mercedes', N'A 140', 92233754775807)
INSERT [dbo].[Cars] ([Id], [Make], [Model], [TravelledDistance]) VALUES (63, N'Mercedes', N'W212', 2147647)
INSERT [dbo].[Cars] ([Id], [Make], [Model], [TravelledDistance]) VALUES (64, N'Mercedes', N'A 160', 9223372036)
INSERT [dbo].[Cars] ([Id], [Make], [Model], [TravelledDistance]) VALUES (65, N'Mercedes', N'A 160 CDI', 4775807)
INSERT [dbo].[Cars] ([Id], [Make], [Model], [TravelledDistance]) VALUES (66, N'Mercedes', N'W212', 54775807)
INSERT [dbo].[Cars] ([Id], [Make], [Model], [TravelledDistance]) VALUES (67, N'Mercedes', N'W202', 92233754775807)
INSERT [dbo].[Cars] ([Id], [Make], [Model], [TravelledDistance]) VALUES (68, N'Mercedes', N'W211', 47757)
INSERT [dbo].[Cars] ([Id], [Make], [Model], [TravelledDistance]) VALUES (69, N'Mercedes', N'A 170 CDI', 9223775807)
INSERT [dbo].[Cars] ([Id], [Make], [Model], [TravelledDistance]) VALUES (70, N'Mercedes', N'W212', 927254775807)
INSERT [dbo].[Cars] ([Id], [Make], [Model], [TravelledDistance]) VALUES (71, N'Mercedes', N'W124', 922336854775807)
INSERT [dbo].[Cars] ([Id], [Make], [Model], [TravelledDistance]) VALUES (72, N'Mercedes', N'W210', 9223372036854775807)
INSERT [dbo].[Cars] ([Id], [Make], [Model], [TravelledDistance]) VALUES (73, N'Mercedes', N'W202', 2147647)
INSERT [dbo].[Cars] ([Id], [Make], [Model], [TravelledDistance]) VALUES (74, N'Mercedes', N'W211', 922775807)
INSERT [dbo].[Cars] ([Id], [Make], [Model], [TravelledDistance]) VALUES (75, N'Mercedes', N'W212', 2183647)
INSERT [dbo].[Cars] ([Id], [Make], [Model], [TravelledDistance]) VALUES (76, N'Mercedes', N'W203', 5807)
INSERT [dbo].[Cars] ([Id], [Make], [Model], [TravelledDistance]) VALUES (77, N'Mercedes', N'W211', 92775807)
INSERT [dbo].[Cars] ([Id], [Make], [Model], [TravelledDistance]) VALUES (78, N'Mercedes', N'W210', 2147483647)
INSERT [dbo].[Cars] ([Id], [Make], [Model], [TravelledDistance]) VALUES (79, N'Mercedes', N'W204', 9285807)
INSERT [dbo].[Cars] ([Id], [Make], [Model], [TravelledDistance]) VALUES (80, N'Mercedes', N'W124', 2147647)
INSERT [dbo].[Cars] ([Id], [Make], [Model], [TravelledDistance]) VALUES (81, N'Mercedes', N'W212', 927)
INSERT [dbo].[Cars] ([Id], [Make], [Model], [TravelledDistance]) VALUES (82, N'Ford', N'Fiesta', 922807)
INSERT [dbo].[Cars] ([Id], [Make], [Model], [TravelledDistance]) VALUES (83, N'Ford', N'Pinto', 9854775807)
INSERT [dbo].[Cars] ([Id], [Make], [Model], [TravelledDistance]) VALUES (84, N'Ford', N'Torino', 2147)
INSERT [dbo].[Cars] ([Id], [Make], [Model], [TravelledDistance]) VALUES (85, N'Ford', N'Fiesta', 214647)
INSERT [dbo].[Cars] ([Id], [Make], [Model], [TravelledDistance]) VALUES (86, N'Ford', N'Pinto', 922337807)
INSERT [dbo].[Cars] ([Id], [Make], [Model], [TravelledDistance]) VALUES (87, N'Ford', N'Taurus', 21473647)
INSERT [dbo].[Cars] ([Id], [Make], [Model], [TravelledDistance]) VALUES (88, N'Ford', N'Fiesta', 2143647)
INSERT [dbo].[Cars] ([Id], [Make], [Model], [TravelledDistance]) VALUES (89, N'Ford', N'Torino', 922337807)
INSERT [dbo].[Cars] ([Id], [Make], [Model], [TravelledDistance]) VALUES (90, N'Ford', N'Pinto', 922337203)
INSERT [dbo].[Cars] ([Id], [Make], [Model], [TravelledDistance]) VALUES (91, N'Ford', N'GT40', 92233775807)
INSERT [dbo].[Cars] ([Id], [Make], [Model], [TravelledDistance]) VALUES (92, N'Ford', N'Pinto', 9223807)
INSERT [dbo].[Cars] ([Id], [Make], [Model], [TravelledDistance]) VALUES (93, N'Ford', N'GT40', 9223377)
INSERT [dbo].[Cars] ([Id], [Make], [Model], [TravelledDistance]) VALUES (94, N'Ford', N'Fiesta', 922337775807)
INSERT [dbo].[Cars] ([Id], [Make], [Model], [TravelledDistance]) VALUES (95, N'Ford', N'Torino', 217)
INSERT [dbo].[Cars] ([Id], [Make], [Model], [TravelledDistance]) VALUES (96, N'Ford', N'Fiesta', 922375807)
INSERT [dbo].[Cars] ([Id], [Make], [Model], [TravelledDistance]) VALUES (97, N'Ford', N'Pinto', 214647)
INSERT [dbo].[Cars] ([Id], [Make], [Model], [TravelledDistance]) VALUES (98, N'Ford', N'Taurus', 9223375807)
INSERT [dbo].[Cars] ([Id], [Make], [Model], [TravelledDistance]) VALUES (99, N'Ford', N'Fiesta', 214647)
GO
INSERT [dbo].[Cars] ([Id], [Make], [Model], [TravelledDistance]) VALUES (100, N'Ford', N'Torino', 21474647)
INSERT [dbo].[Cars] ([Id], [Make], [Model], [TravelledDistance]) VALUES (101, N'Ford', N'Ranger', 9223372007)
INSERT [dbo].[Cars] ([Id], [Make], [Model], [TravelledDistance]) VALUES (102, N'Ford', N'Pinto', 2147647)
INSERT [dbo].[Cars] ([Id], [Make], [Model], [TravelledDistance]) VALUES (103, N'Ford', N'Ranger', 92233775807)
INSERT [dbo].[Cars] ([Id], [Make], [Model], [TravelledDistance]) VALUES (104, N'Toyota', N'Prius', 9223372037)
INSERT [dbo].[Cars] ([Id], [Make], [Model], [TravelledDistance]) VALUES (105, N'Toyota', N'Tacoma', 96854775807)
INSERT [dbo].[Cars] ([Id], [Make], [Model], [TravelledDistance]) VALUES (106, N'Toyota', N'Prius', 214747)
INSERT [dbo].[Cars] ([Id], [Make], [Model], [TravelledDistance]) VALUES (107, N'Toyota', N'Tacoma', 94775807)
INSERT [dbo].[Cars] ([Id], [Make], [Model], [TravelledDistance]) VALUES (108, N'Toyota', N'Prius', 922337207)
INSERT [dbo].[Cars] ([Id], [Make], [Model], [TravelledDistance]) VALUES (109, N'Toyota', N'Corolla', 9223854775807)
INSERT [dbo].[Cars] ([Id], [Make], [Model], [TravelledDistance]) VALUES (110, N'Toyota', N'Yaris', 21477)
INSERT [dbo].[Cars] ([Id], [Make], [Model], [TravelledDistance]) VALUES (111, N'Toyota', N'Prius', 922337203685)
INSERT [dbo].[Cars] ([Id], [Make], [Model], [TravelledDistance]) VALUES (112, N'Toyota', N'Camry Hybrid', 92275807)
INSERT [dbo].[Cars] ([Id], [Make], [Model], [TravelledDistance]) VALUES (113, N'Toyota', N'Corolla', 92235807)
INSERT [dbo].[Cars] ([Id], [Make], [Model], [TravelledDistance]) VALUES (114, N'Toyota', N'Prius', 21477)
INSERT [dbo].[Cars] ([Id], [Make], [Model], [TravelledDistance]) VALUES (115, N'Toyota', N'Corolla', 9223807)
INSERT [dbo].[Cars] ([Id], [Make], [Model], [TravelledDistance]) VALUES (116, N'Toyota', N'Tacoma', 9225807)
INSERT [dbo].[Cars] ([Id], [Make], [Model], [TravelledDistance]) VALUES (117, N'Toyota', N'Camry Hybrid', 954775807)
INSERT [dbo].[Cars] ([Id], [Make], [Model], [TravelledDistance]) VALUES (118, N'Toyota', N'Prius', 925807)
INSERT [dbo].[Cars] ([Id], [Make], [Model], [TravelledDistance]) VALUES (119, N'Toyota', N'Tacoma', 922337807)
INSERT [dbo].[Cars] ([Id], [Make], [Model], [TravelledDistance]) VALUES (120, N'Toyota', N'Corolla', 2147)
INSERT [dbo].[Cars] ([Id], [Make], [Model], [TravelledDistance]) VALUES (121, N'Toyota', N'Prius', 21477)
INSERT [dbo].[Cars] ([Id], [Make], [Model], [TravelledDistance]) VALUES (122, N'Toyota', N'Corolla', 975807)
INSERT [dbo].[Cars] ([Id], [Make], [Model], [TravelledDistance]) VALUES (123, N'Toyota', N'Yaris', 94775807)
INSERT [dbo].[Cars] ([Id], [Make], [Model], [TravelledDistance]) VALUES (124, N'Toyota', N'Corolla', 21477)
INSERT [dbo].[Cars] ([Id], [Make], [Model], [TravelledDistance]) VALUES (125, N'Toyota', N'Prius', 283647)
INSERT [dbo].[Cars] ([Id], [Make], [Model], [TravelledDistance]) VALUES (126, N'Toyota', N'Tacoma', 927)
INSERT [dbo].[Cars] ([Id], [Make], [Model], [TravelledDistance]) VALUES (127, N'Toyota', N'Yaris', 9207)
INSERT [dbo].[Cars] ([Id], [Make], [Model], [TravelledDistance]) VALUES (128, N'Toyota', N'Prius', 92233775807)
INSERT [dbo].[Cars] ([Id], [Make], [Model], [TravelledDistance]) VALUES (129, N'Toyota', N'Tacoma', 247)
INSERT [dbo].[Cars] ([Id], [Make], [Model], [TravelledDistance]) VALUES (130, N'Toyota', N'Prius', 9223354775807)
INSERT [dbo].[Cars] ([Id], [Make], [Model], [TravelledDistance]) VALUES (131, N'Toyota', N'Yaris', 21477)
INSERT [dbo].[Cars] ([Id], [Make], [Model], [TravelledDistance]) VALUES (132, N'Toyota', N'Prius', 92233775807)
INSERT [dbo].[Cars] ([Id], [Make], [Model], [TravelledDistance]) VALUES (133, N'Toyota', N'Tacoma', 2147)
INSERT [dbo].[Cars] ([Id], [Make], [Model], [TravelledDistance]) VALUES (134, N'Toyota', N'Camry Hybrid', 2143647)
INSERT [dbo].[Cars] ([Id], [Make], [Model], [TravelledDistance]) VALUES (135, N'Toyota', N'Prius', 922337807)
INSERT [dbo].[Cars] ([Id], [Make], [Model], [TravelledDistance]) VALUES (136, N'Toyota', N'Camry Hybrid', 214647)
INSERT [dbo].[Cars] ([Id], [Make], [Model], [TravelledDistance]) VALUES (137, N'Toyota', N'Prius', 922335807)
INSERT [dbo].[Cars] ([Id], [Make], [Model], [TravelledDistance]) VALUES (138, N'Toyota', N'Tacoma', 21474647)
INSERT [dbo].[Cars] ([Id], [Make], [Model], [TravelledDistance]) VALUES (139, N'Toyota', N'Camry Hybrid', 214647)
INSERT [dbo].[Cars] ([Id], [Make], [Model], [TravelledDistance]) VALUES (140, N'Nissan', N'GT-R', 21473647)
INSERT [dbo].[Cars] ([Id], [Make], [Model], [TravelledDistance]) VALUES (141, N'Nissan', N'Altima', 9223372775807)
INSERT [dbo].[Cars] ([Id], [Make], [Model], [TravelledDistance]) VALUES (142, N'Nissan', N'GT-R', 2147647)
INSERT [dbo].[Cars] ([Id], [Make], [Model], [TravelledDistance]) VALUES (143, N'Nissan', N'370Z', 2143647)
INSERT [dbo].[Cars] ([Id], [Make], [Model], [TravelledDistance]) VALUES (144, N'Nissan', N'GT-R', 21477)
INSERT [dbo].[Cars] ([Id], [Make], [Model], [TravelledDistance]) VALUES (145, N'Nissan', N'Altima', 9224775807)
INSERT [dbo].[Cars] ([Id], [Make], [Model], [TravelledDistance]) VALUES (146, N'Nissan', N'GT-R', 23647)
INSERT [dbo].[Cars] ([Id], [Make], [Model], [TravelledDistance]) VALUES (147, N'Nissan', N'370Z', 922775807)
INSERT [dbo].[Cars] ([Id], [Make], [Model], [TravelledDistance]) VALUES (148, N'Nissan', N'370Z', 21477)
INSERT [dbo].[Cars] ([Id], [Make], [Model], [TravelledDistance]) VALUES (149, N'Nissan', N'Altima', 2147)
INSERT [dbo].[Cars] ([Id], [Make], [Model], [TravelledDistance]) VALUES (150, N'Nissan', N'370Z', 21447)
INSERT [dbo].[Cars] ([Id], [Make], [Model], [TravelledDistance]) VALUES (151, N'Nissan', N'Altima', 92233707)
INSERT [dbo].[Cars] ([Id], [Make], [Model], [TravelledDistance]) VALUES (152, N'Nissan', N'GT-R', 954775807)
INSERT [dbo].[Cars] ([Id], [Make], [Model], [TravelledDistance]) VALUES (153, N'Nissan', N'Altima', 214647)
INSERT [dbo].[Cars] ([Id], [Make], [Model], [TravelledDistance]) VALUES (154, N'Nissan', N'370Z', 922337205807)
INSERT [dbo].[Cars] ([Id], [Make], [Model], [TravelledDistance]) VALUES (155, N'Nissan', N'GT-R', 96854775807)
INSERT [dbo].[Cars] ([Id], [Make], [Model], [TravelledDistance]) VALUES (156, N'Nissan', N'Versa', 9223775807)
INSERT [dbo].[Cars] ([Id], [Make], [Model], [TravelledDistance]) VALUES (157, N'Nissan', N'Altima', 2147447)
INSERT [dbo].[Cars] ([Id], [Make], [Model], [TravelledDistance]) VALUES (158, N'Nissan', N'370Z', 922307)
INSERT [dbo].[Cars] ([Id], [Make], [Model], [TravelledDistance]) VALUES (159, N'Nissan', N'GT-R', 2147447)
INSERT [dbo].[Cars] ([Id], [Make], [Model], [TravelledDistance]) VALUES (160, N'Nissan', N'Rogue', 9223807)
INSERT [dbo].[Cars] ([Id], [Make], [Model], [TravelledDistance]) VALUES (161, N'Nissan', N'Altima', 213647)
INSERT [dbo].[Cars] ([Id], [Make], [Model], [TravelledDistance]) VALUES (162, N'Nissan', N'GT-R', 2143647)
INSERT [dbo].[Cars] ([Id], [Make], [Model], [TravelledDistance]) VALUES (163, N'Nissan', N'Altima', 214747)
INSERT [dbo].[Cars] ([Id], [Make], [Model], [TravelledDistance]) VALUES (164, N'Nissan', N'Rogue', 214647)
INSERT [dbo].[Cars] ([Id], [Make], [Model], [TravelledDistance]) VALUES (165, N'Nissan', N'GT-R', 2147483647)
INSERT [dbo].[Cars] ([Id], [Make], [Model], [TravelledDistance]) VALUES (166, N'Nissan', N'Altima', 2147483647)
INSERT [dbo].[Cars] ([Id], [Make], [Model], [TravelledDistance]) VALUES (167, N'Nissan', N'Versa', 2143647)
INSERT [dbo].[Cars] ([Id], [Make], [Model], [TravelledDistance]) VALUES (168, N'Nissan', N'GT-R', 2143647)
INSERT [dbo].[Cars] ([Id], [Make], [Model], [TravelledDistance]) VALUES (169, N'Nissan', N'Versa', 922775807)
INSERT [dbo].[Cars] ([Id], [Make], [Model], [TravelledDistance]) VALUES (170, N'Great Wall', N'H2', 9236854775807)
INSERT [dbo].[Cars] ([Id], [Make], [Model], [TravelledDistance]) VALUES (171, N'Great Wall', N'Haval M4', 213647)
INSERT [dbo].[Cars] ([Id], [Make], [Model], [TravelledDistance]) VALUES (172, N'Great Wall', N'H2', 21647)
INSERT [dbo].[Cars] ([Id], [Make], [Model], [TravelledDistance]) VALUES (173, N'Great Wall', N'H8', 21447)
INSERT [dbo].[Cars] ([Id], [Make], [Model], [TravelledDistance]) VALUES (174, N'Great Wall', N'Steed 3', 922336854775807)
INSERT [dbo].[Cars] ([Id], [Make], [Model], [TravelledDistance]) VALUES (175, N'Great Wall', N'Wingle 5', 214747)
INSERT [dbo].[Cars] ([Id], [Make], [Model], [TravelledDistance]) VALUES (176, N'Great Wall', N'Haval M4', 9223372035807)
INSERT [dbo].[Cars] ([Id], [Make], [Model], [TravelledDistance]) VALUES (177, N'Great Wall', N'Haval H6', 214747)
INSERT [dbo].[Cars] ([Id], [Make], [Model], [TravelledDistance]) VALUES (178, N'Renault', N'Alaskan', 2647)
INSERT [dbo].[Cars] ([Id], [Make], [Model], [TravelledDistance]) VALUES (179, N'Renault', N'Clio IV', 2147483647)
INSERT [dbo].[Cars] ([Id], [Make], [Model], [TravelledDistance]) VALUES (180, N'Renault', N'Duster', 2147483647)
INSERT [dbo].[Cars] ([Id], [Make], [Model], [TravelledDistance]) VALUES (181, N'Renault', N'Alaskan', 92807)
INSERT [dbo].[Cars] ([Id], [Make], [Model], [TravelledDistance]) VALUES (182, N'Renault', N'Alaskan', 2147483647)
INSERT [dbo].[Cars] ([Id], [Make], [Model], [TravelledDistance]) VALUES (183, N'Renault', N'Duster', 922337203685807)
INSERT [dbo].[Cars] ([Id], [Make], [Model], [TravelledDistance]) VALUES (184, N'Renault', N'Alaskan', 2147483647)
INSERT [dbo].[Cars] ([Id], [Make], [Model], [TravelledDistance]) VALUES (185, N'Renault', N'Clio IV', 92234775807)
INSERT [dbo].[Cars] ([Id], [Make], [Model], [TravelledDistance]) VALUES (186, N'Renault', N'Duster', 922337203685807)
INSERT [dbo].[Cars] ([Id], [Make], [Model], [TravelledDistance]) VALUES (187, N'Renault', N'Alaskan', 92233720375807)
INSERT [dbo].[Cars] ([Id], [Make], [Model], [TravelledDistance]) VALUES (188, N'Renault', N'Captur', 9223807)
INSERT [dbo].[Cars] ([Id], [Make], [Model], [TravelledDistance]) VALUES (189, N'Renault', N'Alaskan', 21447)
INSERT [dbo].[Cars] ([Id], [Make], [Model], [TravelledDistance]) VALUES (190, N'Renault', N'Espace', 9223375807)
INSERT [dbo].[Cars] ([Id], [Make], [Model], [TravelledDistance]) VALUES (191, N'Renault', N'Alaskan', 2147483647)
INSERT [dbo].[Cars] ([Id], [Make], [Model], [TravelledDistance]) VALUES (192, N'Renault', N'Captur', 92233724775807)
INSERT [dbo].[Cars] ([Id], [Make], [Model], [TravelledDistance]) VALUES (193, N'Renault', N'Espace', 2147487)
INSERT [dbo].[Cars] ([Id], [Make], [Model], [TravelledDistance]) VALUES (194, N'Chevy', N'Camaro', 92233854775807)
INSERT [dbo].[Cars] ([Id], [Make], [Model], [TravelledDistance]) VALUES (195, N'Chevy', N'Caprice', 2147647)
INSERT [dbo].[Cars] ([Id], [Make], [Model], [TravelledDistance]) VALUES (196, N'Chevy', N'Camaro', 922335807)
INSERT [dbo].[Cars] ([Id], [Make], [Model], [TravelledDistance]) VALUES (197, N'Chevy', N'Caprice', 2143647)
INSERT [dbo].[Cars] ([Id], [Make], [Model], [TravelledDistance]) VALUES (198, N'Chevy', N'Malibu', 92233854775807)
INSERT [dbo].[Cars] ([Id], [Make], [Model], [TravelledDistance]) VALUES (199, N'Chevy', N'Camaro', 283647)
GO
INSERT [dbo].[Cars] ([Id], [Make], [Model], [TravelledDistance]) VALUES (200, N'Chevy', N'Impala', 214747)
INSERT [dbo].[Cars] ([Id], [Make], [Model], [TravelledDistance]) VALUES (201, N'Chevy', N'Malibu', 922337775807)
INSERT [dbo].[Cars] ([Id], [Make], [Model], [TravelledDistance]) VALUES (202, N'Chevy', N'Impala', 214748347)
INSERT [dbo].[Cars] ([Id], [Make], [Model], [TravelledDistance]) VALUES (203, N'Chevy', N'Camaro', 21473647)
INSERT [dbo].[Cars] ([Id], [Make], [Model], [TravelledDistance]) VALUES (204, N'Chevy', N'Camaro', 2147483647)
INSERT [dbo].[Cars] ([Id], [Make], [Model], [TravelledDistance]) VALUES (205, N'Chevy', N'Corvette', 92233720375807)
INSERT [dbo].[Cars] ([Id], [Make], [Model], [TravelledDistance]) VALUES (206, N'Chevy', N'Cruze', 92775807)
INSERT [dbo].[Cars] ([Id], [Make], [Model], [TravelledDistance]) VALUES (207, N'Chevy', N'Corvette', 21474847)
INSERT [dbo].[Cars] ([Id], [Make], [Model], [TravelledDistance]) VALUES (208, N'Chevy', N'Camaro', 2147487)
INSERT [dbo].[Cars] ([Id], [Make], [Model], [TravelledDistance]) VALUES (209, N'Chevy', N'Caprice', 2147483647)
INSERT [dbo].[Cars] ([Id], [Make], [Model], [TravelledDistance]) VALUES (210, N'Chevy', N'Cruze', 9223372034775807)
INSERT [dbo].[Cars] ([Id], [Make], [Model], [TravelledDistance]) VALUES (211, N'Chevy', N'Caprice', 9223372034775807)
INSERT [dbo].[Cars] ([Id], [Make], [Model], [TravelledDistance]) VALUES (212, N'Chevy', N'Matiz', 922337203685807)
INSERT [dbo].[Cars] ([Id], [Make], [Model], [TravelledDistance]) VALUES (213, N'Rolls-Royce', N'Phantom', 2147483647)
INSERT [dbo].[Cars] ([Id], [Make], [Model], [TravelledDistance]) VALUES (214, N'Rolls-Royce', N'Phantom Drophead Coupé', 92233775807)
INSERT [dbo].[Cars] ([Id], [Make], [Model], [TravelledDistance]) VALUES (215, N'Rolls-Royce', N'Phantom', 214647)
INSERT [dbo].[Cars] ([Id], [Make], [Model], [TravelledDistance]) VALUES (216, N'Rolls-Royce', N'Ghost', 21473647)
INSERT [dbo].[Cars] ([Id], [Make], [Model], [TravelledDistance]) VALUES (217, N'Rolls-Royce', N'Dawn', 214647)
INSERT [dbo].[Cars] ([Id], [Make], [Model], [TravelledDistance]) VALUES (218, N'Rolls-Royce', N'Phantom', 922337254775807)
INSERT [dbo].[Cars] ([Id], [Make], [Model], [TravelledDistance]) VALUES (219, N'Rolls-Royce', N'Ghost', 214747)
INSERT [dbo].[Cars] ([Id], [Make], [Model], [TravelledDistance]) VALUES (220, N'Rolls-Royce', N'Wraith', 2147483647)
INSERT [dbo].[Cars] ([Id], [Make], [Model], [TravelledDistance]) VALUES (221, N'Rolls-Royce', N'Phantom Drophead Coupé', 922336854775807)
INSERT [dbo].[Cars] ([Id], [Make], [Model], [TravelledDistance]) VALUES (222, N'Rolls-Royce', N'Wraith', 21647)
INSERT [dbo].[Cars] ([Id], [Make], [Model], [TravelledDistance]) VALUES (223, N'Rolls-Royce', N'Phantom Drophead Coupé', 9223372075807)
INSERT [dbo].[Cars] ([Id], [Make], [Model], [TravelledDistance]) VALUES (224, N'Lamborghini', N'Gallardo', 92234775807)
INSERT [dbo].[Cars] ([Id], [Make], [Model], [TravelledDistance]) VALUES (225, N'Lamborghini', N'Murciélago', 2143647)
INSERT [dbo].[Cars] ([Id], [Make], [Model], [TravelledDistance]) VALUES (226, N'Lamborghini', N'Diablo', 283647)
INSERT [dbo].[Cars] ([Id], [Make], [Model], [TravelledDistance]) VALUES (227, N'Lamborghini', N'Gallardo', 9223372054775807)
INSERT [dbo].[Cars] ([Id], [Make], [Model], [TravelledDistance]) VALUES (228, N'Lamborghini', N'Murciélago', 214783647)
INSERT [dbo].[Cars] ([Id], [Make], [Model], [TravelledDistance]) VALUES (229, N'Lamborghini', N'Gallardo', 923372054775807)
INSERT [dbo].[Cars] ([Id], [Make], [Model], [TravelledDistance]) VALUES (230, N'Lamborghini', N'Diablo', 2147483647)
INSERT [dbo].[Cars] ([Id], [Make], [Model], [TravelledDistance]) VALUES (231, N'Ferrari', N'Daytona', 92036854775807)
INSERT [dbo].[Cars] ([Id], [Make], [Model], [TravelledDistance]) VALUES (232, N'Ferrari', N'250 GTO', 214747)
INSERT [dbo].[Cars] ([Id], [Make], [Model], [TravelledDistance]) VALUES (233, N'Ferrari', N'F430', 2147647)
INSERT [dbo].[Cars] ([Id], [Make], [Model], [TravelledDistance]) VALUES (234, N'Ferrari', N'275', 92854775807)
INSERT [dbo].[Cars] ([Id], [Make], [Model], [TravelledDistance]) VALUES (235, N'Ferrari', N'F430', 92236854775807)
INSERT [dbo].[Cars] ([Id], [Make], [Model], [TravelledDistance]) VALUES (236, N'Ferrari', N'F40', 2647)
INSERT [dbo].[Cars] ([Id], [Make], [Model], [TravelledDistance]) VALUES (237, N'Ferrari', N'250 GTO', 214747)
INSERT [dbo].[Cars] ([Id], [Make], [Model], [TravelledDistance]) VALUES (238, N'Ferrari', N'Daytona', 922337275807)
INSERT [dbo].[Cars] ([Id], [Make], [Model], [TravelledDistance]) VALUES (239, N'Ferrari', N'275', 214647)
INSERT [dbo].[Cars] ([Id], [Make], [Model], [TravelledDistance]) VALUES (240, N'Ferrari', N'250 GTO', 2183647)
INSERT [dbo].[Cars] ([Id], [Make], [Model], [TravelledDistance]) VALUES (241, N'Ferrari', N'F40', 214647)
INSERT [dbo].[Cars] ([Id], [Make], [Model], [TravelledDistance]) VALUES (242, N'Ferrari', N'250 GTO', 213647)
INSERT [dbo].[Cars] ([Id], [Make], [Model], [TravelledDistance]) VALUES (243, N'Ferrari', N'F430', 214647)
INSERT [dbo].[Cars] ([Id], [Make], [Model], [TravelledDistance]) VALUES (244, N'Ferrari', N'Daytona', 213647)
INSERT [dbo].[Cars] ([Id], [Make], [Model], [TravelledDistance]) VALUES (245, N'Ferrari', N'F40', 21447)
INSERT [dbo].[Cars] ([Id], [Make], [Model], [TravelledDistance]) VALUES (246, N'Ferrari', N'250 GTO', 213647)
INSERT [dbo].[Cars] ([Id], [Make], [Model], [TravelledDistance]) VALUES (247, N'Ferrari', N'275', 2147647)
INSERT [dbo].[Cars] ([Id], [Make], [Model], [TravelledDistance]) VALUES (248, N'Ferrari', N'Enzo', 2147483647)
INSERT [dbo].[Cars] ([Id], [Make], [Model], [TravelledDistance]) VALUES (249, N'Ferrari', N'Daytona', 2147447)
INSERT [dbo].[Cars] ([Id], [Make], [Model], [TravelledDistance]) VALUES (250, N'Alfa Romeo', N'Giulia', 214647)
INSERT [dbo].[Cars] ([Id], [Make], [Model], [TravelledDistance]) VALUES (251, N'Alfa Romeo', N'Giulietta', 21474847)
INSERT [dbo].[Cars] ([Id], [Make], [Model], [TravelledDistance]) VALUES (252, N'Alfa Romeo', N'AR51', 2147483647)
INSERT [dbo].[Cars] ([Id], [Make], [Model], [TravelledDistance]) VALUES (253, N'Alfa Romeo', N'Alfetta', 92233720775807)
INSERT [dbo].[Cars] ([Id], [Make], [Model], [TravelledDistance]) VALUES (254, N'Alfa Romeo', N'75', 9223372775807)
INSERT [dbo].[Cars] ([Id], [Make], [Model], [TravelledDistance]) VALUES (255, N'Alfa Romeo', N'AR51', 922337275807)
INSERT [dbo].[Cars] ([Id], [Make], [Model], [TravelledDistance]) VALUES (256, N'Alfa Romeo', N'156', 92233720368547)
INSERT [dbo].[Cars] ([Id], [Make], [Model], [TravelledDistance]) VALUES (257, N'Alfa Romeo', N'Giulietta', 922337203685807)
INSERT [dbo].[Cars] ([Id], [Make], [Model], [TravelledDistance]) VALUES (258, N'Alfa Romeo', N'164', 92233775807)
INSERT [dbo].[Cars] ([Id], [Make], [Model], [TravelledDistance]) VALUES (259, N'Alfa Romeo', N'75', 72036854775807)
INSERT [dbo].[Cars] ([Id], [Make], [Model], [TravelledDistance]) VALUES (260, N'Alfa Romeo', N'Giulietta', 2036854775807)
INSERT [dbo].[Cars] ([Id], [Make], [Model], [TravelledDistance]) VALUES (261, N'Alfa Romeo', N'156', 92036854775807)
INSERT [dbo].[Cars] ([Id], [Make], [Model], [TravelledDistance]) VALUES (262, N'Alfa Romeo', N'Giulietta', 2036854775807)
INSERT [dbo].[Cars] ([Id], [Make], [Model], [TravelledDistance]) VALUES (263, N'Alfa Romeo', N'75', 9775807)
INSERT [dbo].[Cars] ([Id], [Make], [Model], [TravelledDistance]) VALUES (264, N'Peugeot', N'206', 214647)
INSERT [dbo].[Cars] ([Id], [Make], [Model], [TravelledDistance]) VALUES (265, N'Peugeot', N'405', 92236854775807)
INSERT [dbo].[Cars] ([Id], [Make], [Model], [TravelledDistance]) VALUES (266, N'Peugeot', N'206', 2147483647)
INSERT [dbo].[Cars] ([Id], [Make], [Model], [TravelledDistance]) VALUES (267, N'Peugeot', N'405', 922854775807)
INSERT [dbo].[Cars] ([Id], [Make], [Model], [TravelledDistance]) VALUES (268, N'Peugeot', N'306', 2036854775807)
INSERT [dbo].[Cars] ([Id], [Make], [Model], [TravelledDistance]) VALUES (269, N'Peugeot', N'308', 775807)
INSERT [dbo].[Cars] ([Id], [Make], [Model], [TravelledDistance]) VALUES (270, N'Peugeot', N'407', 854775807)
INSERT [dbo].[Cars] ([Id], [Make], [Model], [TravelledDistance]) VALUES (271, N'Peugeot', N'306', 2147483647)
INSERT [dbo].[Cars] ([Id], [Make], [Model], [TravelledDistance]) VALUES (272, N'Peugeot', N'308', 854775807)
INSERT [dbo].[Cars] ([Id], [Make], [Model], [TravelledDistance]) VALUES (273, N'Peugeot', N'405', 9226854775807)
INSERT [dbo].[Cars] ([Id], [Make], [Model], [TravelledDistance]) VALUES (274, N'Peugeot', N'306', 21474647)
INSERT [dbo].[Cars] ([Id], [Make], [Model], [TravelledDistance]) VALUES (275, N'Peugeot', N'407', 922036854775807)
INSERT [dbo].[Cars] ([Id], [Make], [Model], [TravelledDistance]) VALUES (276, N'Peugeot', N'206', 21474647)
INSERT [dbo].[Cars] ([Id], [Make], [Model], [TravelledDistance]) VALUES (277, N'Peugeot', N'407', 9223372775807)
INSERT [dbo].[Cars] ([Id], [Make], [Model], [TravelledDistance]) VALUES (278, N'Peugeot', N'206', 922036854775807)
INSERT [dbo].[Cars] ([Id], [Make], [Model], [TravelledDistance]) VALUES (279, N'Peugeot', N'308', 23647)
INSERT [dbo].[Cars] ([Id], [Make], [Model], [TravelledDistance]) VALUES (280, N'Peugeot', N'405', 92036854775807)
INSERT [dbo].[Cars] ([Id], [Make], [Model], [TravelledDistance]) VALUES (281, N'Peugeot', N'306', 2147483647)
INSERT [dbo].[Cars] ([Id], [Make], [Model], [TravelledDistance]) VALUES (282, N'Peugeot', N'405', 92233854775807)
INSERT [dbo].[Cars] ([Id], [Make], [Model], [TravelledDistance]) VALUES (283, N'Peugeot', N'308', 2147483647)
INSERT [dbo].[Cars] ([Id], [Make], [Model], [TravelledDistance]) VALUES (284, N'Peugeot', N'206', 922775807)
INSERT [dbo].[Cars] ([Id], [Make], [Model], [TravelledDistance]) VALUES (285, N'Peugeot', N'206', 214748347)
INSERT [dbo].[Cars] ([Id], [Make], [Model], [TravelledDistance]) VALUES (286, N'Citroen', N'Berlingo', 922354775807)
INSERT [dbo].[Cars] ([Id], [Make], [Model], [TravelledDistance]) VALUES (287, N'Citroen', N'C1', 924775807)
INSERT [dbo].[Cars] ([Id], [Make], [Model], [TravelledDistance]) VALUES (288, N'Citroen', N'Berlingo', 9223354775807)
INSERT [dbo].[Cars] ([Id], [Make], [Model], [TravelledDistance]) VALUES (289, N'Citroen', N'C5', 922334775807)
INSERT [dbo].[Cars] ([Id], [Make], [Model], [TravelledDistance]) VALUES (290, N'Citroen', N'C5', 213647)
INSERT [dbo].[Cars] ([Id], [Make], [Model], [TravelledDistance]) VALUES (291, N'Citroen', N'C8', 2147447)
INSERT [dbo].[Cars] ([Id], [Make], [Model], [TravelledDistance]) VALUES (292, N'Citroen', N'Elysée', 922354775807)
INSERT [dbo].[Cars] ([Id], [Make], [Model], [TravelledDistance]) VALUES (293, N'Citroen', N'C1', 2147)
INSERT [dbo].[Cars] ([Id], [Make], [Model], [TravelledDistance]) VALUES (294, N'Citroen', N'C4', 2147487)
INSERT [dbo].[Cars] ([Id], [Make], [Model], [TravelledDistance]) VALUES (295, N'Citroen', N'C5', 922337204775807)
INSERT [dbo].[Cars] ([Id], [Make], [Model], [TravelledDistance]) VALUES (296, N'Citroen', N'C1', 922337854775807)
INSERT [dbo].[Cars] ([Id], [Make], [Model], [TravelledDistance]) VALUES (297, N'Citroen', N'C3', 214647)
INSERT [dbo].[Cars] ([Id], [Make], [Model], [TravelledDistance]) VALUES (298, N'Citroen', N'C1', 2483647)
INSERT [dbo].[Cars] ([Id], [Make], [Model], [TravelledDistance]) VALUES (299, N'Citroen', N'C4', 92236854775807)
GO
INSERT [dbo].[Cars] ([Id], [Make], [Model], [TravelledDistance]) VALUES (300, N'Citroen', N'C1', 922336854775807)
INSERT [dbo].[Cars] ([Id], [Make], [Model], [TravelledDistance]) VALUES (301, N'Citroen', N'C5', 2147483647)
INSERT [dbo].[Cars] ([Id], [Make], [Model], [TravelledDistance]) VALUES (302, N'Citroen', N'C3', 2147647)
INSERT [dbo].[Cars] ([Id], [Make], [Model], [TravelledDistance]) VALUES (303, N'Citroen', N'C8', 92236854775807)
INSERT [dbo].[Cars] ([Id], [Make], [Model], [TravelledDistance]) VALUES (304, N'Citroen', N'C1', 2147483647)
INSERT [dbo].[Cars] ([Id], [Make], [Model], [TravelledDistance]) VALUES (305, N'Citroen', N'C3', 9223336854775807)
INSERT [dbo].[Cars] ([Id], [Make], [Model], [TravelledDistance]) VALUES (306, N'Citroen', N'Elysée', 23336854775)
INSERT [dbo].[Cars] ([Id], [Make], [Model], [TravelledDistance]) VALUES (307, N'Citroen', N'C1', 92236854775807)
INSERT [dbo].[Cars] ([Id], [Make], [Model], [TravelledDistance]) VALUES (308, N'Citroen', N'C4', 213647)
INSERT [dbo].[Cars] ([Id], [Make], [Model], [TravelledDistance]) VALUES (309, N'Citroen', N'C3', 2147647)
INSERT [dbo].[Cars] ([Id], [Make], [Model], [TravelledDistance]) VALUES (310, N'Citroen', N'C1', 9223775807)
INSERT [dbo].[Cars] ([Id], [Make], [Model], [TravelledDistance]) VALUES (311, N'Citroen', N'C5', 2183647)
INSERT [dbo].[Cars] ([Id], [Make], [Model], [TravelledDistance]) VALUES (312, N'Citroen', N'C1', 9854775807)
INSERT [dbo].[Cars] ([Id], [Make], [Model], [TravelledDistance]) VALUES (313, N'Citroen', N'C8', 83647)
INSERT [dbo].[Cars] ([Id], [Make], [Model], [TravelledDistance]) VALUES (314, N'Seat', N'Toledo', 21483647)
INSERT [dbo].[Cars] ([Id], [Make], [Model], [TravelledDistance]) VALUES (315, N'Seat', N'Mii', 214783647)
INSERT [dbo].[Cars] ([Id], [Make], [Model], [TravelledDistance]) VALUES (316, N'Seat', N'Ibiza', 21647)
INSERT [dbo].[Cars] ([Id], [Make], [Model], [TravelledDistance]) VALUES (317, N'Seat', N'Mii', 2147447)
INSERT [dbo].[Cars] ([Id], [Make], [Model], [TravelledDistance]) VALUES (318, N'Seat', N'Ibiza', 213647)
INSERT [dbo].[Cars] ([Id], [Make], [Model], [TravelledDistance]) VALUES (319, N'Seat', N'Mii', 21447)
INSERT [dbo].[Cars] ([Id], [Make], [Model], [TravelledDistance]) VALUES (320, N'Seat', N'Toledo', 2147647)
INSERT [dbo].[Cars] ([Id], [Make], [Model], [TravelledDistance]) VALUES (321, N'Seat', N'Toledo', 21473647)
INSERT [dbo].[Cars] ([Id], [Make], [Model], [TravelledDistance]) VALUES (322, N'Seat', N'Ibiza', 92234775807)
INSERT [dbo].[Cars] ([Id], [Make], [Model], [TravelledDistance]) VALUES (323, N'Seat', N'Mii', 936854775807)
INSERT [dbo].[Cars] ([Id], [Make], [Model], [TravelledDistance]) VALUES (324, N'Seat', N'Toledo', 21447)
INSERT [dbo].[Cars] ([Id], [Make], [Model], [TravelledDistance]) VALUES (325, N'Seat', N'Mii', 214747)
INSERT [dbo].[Cars] ([Id], [Make], [Model], [TravelledDistance]) VALUES (326, N'Seat', N'Toledo', 2147647)
INSERT [dbo].[Cars] ([Id], [Make], [Model], [TravelledDistance]) VALUES (327, N'Seat', N'Ibiza', 21474847)
INSERT [dbo].[Cars] ([Id], [Make], [Model], [TravelledDistance]) VALUES (328, N'Seat', N'Toledo', 2147447)
INSERT [dbo].[Cars] ([Id], [Make], [Model], [TravelledDistance]) VALUES (329, N'Seat', N'Mii', 92236854775807)
INSERT [dbo].[Cars] ([Id], [Make], [Model], [TravelledDistance]) VALUES (330, N'Skoda', N'Citigo', 214647)
INSERT [dbo].[Cars] ([Id], [Make], [Model], [TravelledDistance]) VALUES (331, N'Skoda', N'Rapid Spaceback', 685477580)
INSERT [dbo].[Cars] ([Id], [Make], [Model], [TravelledDistance]) VALUES (332, N'Skoda', N'Citigo', 92233854775807)
INSERT [dbo].[Cars] ([Id], [Make], [Model], [TravelledDistance]) VALUES (333, N'Skoda', N'Citigo', 2183647)
INSERT [dbo].[Cars] ([Id], [Make], [Model], [TravelledDistance]) VALUES (334, N'Skoda', N'Citigo', 214747)
INSERT [dbo].[Cars] ([Id], [Make], [Model], [TravelledDistance]) VALUES (335, N'Skoda', N'Fabia', 9223372036875807)
INSERT [dbo].[Cars] ([Id], [Make], [Model], [TravelledDistance]) VALUES (336, N'Skoda', N'Citigo', 214647)
INSERT [dbo].[Cars] ([Id], [Make], [Model], [TravelledDistance]) VALUES (337, N'Skoda', N'Fabia', 214747)
INSERT [dbo].[Cars] ([Id], [Make], [Model], [TravelledDistance]) VALUES (338, N'Skoda', N'Rapid', 9223372775807)
INSERT [dbo].[Cars] ([Id], [Make], [Model], [TravelledDistance]) VALUES (339, N'Skoda', N'Fabia', 214647)
INSERT [dbo].[Cars] ([Id], [Make], [Model], [TravelledDistance]) VALUES (340, N'Skoda', N'Fabia', 922337203775807)
INSERT [dbo].[Cars] ([Id], [Make], [Model], [TravelledDistance]) VALUES (341, N'Skoda', N'Rapid', 2147447)
INSERT [dbo].[Cars] ([Id], [Make], [Model], [TravelledDistance]) VALUES (342, N'Skoda', N'Rapid Spaceback', 474)
INSERT [dbo].[Cars] ([Id], [Make], [Model], [TravelledDistance]) VALUES (343, N'Skoda', N'Fabia', 92233720368807)
INSERT [dbo].[Cars] ([Id], [Make], [Model], [TravelledDistance]) VALUES (344, N'Dacia', N'Logan', 9036854775807)
INSERT [dbo].[Cars] ([Id], [Make], [Model], [TravelledDistance]) VALUES (345, N'Dacia', N'Sandero Stepway', 92233724775807)
INSERT [dbo].[Cars] ([Id], [Make], [Model], [TravelledDistance]) VALUES (346, N'Dacia', N'Sandero', 2147647)
INSERT [dbo].[Cars] ([Id], [Make], [Model], [TravelledDistance]) VALUES (347, N'Dacia', N'Dokker', 213647)
INSERT [dbo].[Cars] ([Id], [Make], [Model], [TravelledDistance]) VALUES (348, N'Dacia', N'Sandero', 2143647)
INSERT [dbo].[Cars] ([Id], [Make], [Model], [TravelledDistance]) VALUES (349, N'Dacia', N'Logan', 21474647)
INSERT [dbo].[Cars] ([Id], [Make], [Model], [TravelledDistance]) VALUES (350, N'Dacia', N'Logan', 9275807)
INSERT [dbo].[Cars] ([Id], [Make], [Model], [TravelledDistance]) VALUES (351, N'Dacia', N'Dokker', 2147647)
INSERT [dbo].[Cars] ([Id], [Make], [Model], [TravelledDistance]) VALUES (352, N'Dacia', N'Sandero', 922337254775807)
INSERT [dbo].[Cars] ([Id], [Make], [Model], [TravelledDistance]) VALUES (353, N'Dacia', N'Dokker', 2147447)
INSERT [dbo].[Cars] ([Id], [Make], [Model], [TravelledDistance]) VALUES (354, N'Dacia', N'Logan', 922337203687)
INSERT [dbo].[Cars] ([Id], [Make], [Model], [TravelledDistance]) VALUES (355, N'Dacia', N'Duster', 21447)
INSERT [dbo].[Cars] ([Id], [Make], [Model], [TravelledDistance]) VALUES (356, N'Dacia', N'Sandero Stepway', 922337807)
INSERT [dbo].[Cars] ([Id], [Make], [Model], [TravelledDistance]) VALUES (357, N'Dacia', N'Duster', 922375807)
INSERT [dbo].[Cars] ([Id], [Make], [Model], [TravelledDistance]) VALUES (358, N'Dacia', N'Logan', 213647)
SET IDENTITY_INSERT [dbo].[Cars] OFF
SET IDENTITY_INSERT [dbo].[Customers] ON 

INSERT [dbo].[Customers] ([Id], [Name], [BirthDate], [IsYoungDriver]) VALUES (1, N'Emmitt Benally', CAST(N'1993-11-20T00:00:00.000' AS DateTime), 1)
INSERT [dbo].[Customers] ([Id], [Name], [BirthDate], [IsYoungDriver]) VALUES (2, N'Natalie Poli', CAST(N'1990-10-04T00:00:00.000' AS DateTime), 0)
INSERT [dbo].[Customers] ([Id], [Name], [BirthDate], [IsYoungDriver]) VALUES (3, N'Marcelle Griego', CAST(N'1990-10-04T00:00:00.000' AS DateTime), 1)
INSERT [dbo].[Customers] ([Id], [Name], [BirthDate], [IsYoungDriver]) VALUES (4, N'Zada Attwood', CAST(N'1982-10-01T00:00:00.000' AS DateTime), 1)
INSERT [dbo].[Customers] ([Id], [Name], [BirthDate], [IsYoungDriver]) VALUES (5, N'Hai Everton', CAST(N'1985-10-01T00:00:00.000' AS DateTime), 1)
INSERT [dbo].[Customers] ([Id], [Name], [BirthDate], [IsYoungDriver]) VALUES (6, N'Lino Subia', CAST(N'1985-12-21T00:00:00.000' AS DateTime), 0)
INSERT [dbo].[Customers] ([Id], [Name], [BirthDate], [IsYoungDriver]) VALUES (7, N'Rico Peer', CAST(N'1984-10-01T00:00:00.000' AS DateTime), 1)
INSERT [dbo].[Customers] ([Id], [Name], [BirthDate], [IsYoungDriver]) VALUES (8, N'Teddy Hobby', CAST(N'1975-10-01T00:00:00.000' AS DateTime), 1)
INSERT [dbo].[Customers] ([Id], [Name], [BirthDate], [IsYoungDriver]) VALUES (9, N'Johnette Derryberry', CAST(N'1995-10-01T00:00:00.000' AS DateTime), 1)
INSERT [dbo].[Customers] ([Id], [Name], [BirthDate], [IsYoungDriver]) VALUES (10, N'Audrea Cardinal', CAST(N'1976-10-01T00:00:00.000' AS DateTime), 0)
INSERT [dbo].[Customers] ([Id], [Name], [BirthDate], [IsYoungDriver]) VALUES (11, N'Francis Mckim', CAST(N'1977-10-01T00:00:00.000' AS DateTime), 1)
INSERT [dbo].[Customers] ([Id], [Name], [BirthDate], [IsYoungDriver]) VALUES (12, N'Carole Witman', CAST(N'1987-10-01T00:00:00.000' AS DateTime), 0)
INSERT [dbo].[Customers] ([Id], [Name], [BirthDate], [IsYoungDriver]) VALUES (13, N'Oren Perlman', CAST(N'1988-10-01T00:00:00.000' AS DateTime), 1)
INSERT [dbo].[Customers] ([Id], [Name], [BirthDate], [IsYoungDriver]) VALUES (14, N'Brett Brickley', CAST(N'1980-10-01T00:00:00.000' AS DateTime), 1)
INSERT [dbo].[Customers] ([Id], [Name], [BirthDate], [IsYoungDriver]) VALUES (15, N'Kristian Engberg', CAST(N'1981-10-03T00:00:00.000' AS DateTime), 0)
INSERT [dbo].[Customers] ([Id], [Name], [BirthDate], [IsYoungDriver]) VALUES (16, N'Carri Knapik', CAST(N'1972-02-02T00:00:00.000' AS DateTime), 1)
INSERT [dbo].[Customers] ([Id], [Name], [BirthDate], [IsYoungDriver]) VALUES (17, N'Rema Revelle', CAST(N'1970-05-01T00:00:00.000' AS DateTime), 1)
INSERT [dbo].[Customers] ([Id], [Name], [BirthDate], [IsYoungDriver]) VALUES (18, N'Taina Achenbach', CAST(N'1994-10-01T00:00:00.000' AS DateTime), 0)
INSERT [dbo].[Customers] ([Id], [Name], [BirthDate], [IsYoungDriver]) VALUES (19, N'Yvonne Mccalla', CAST(N'1992-03-02T00:00:00.000' AS DateTime), 1)
INSERT [dbo].[Customers] ([Id], [Name], [BirthDate], [IsYoungDriver]) VALUES (20, N'Nisha Markwell', CAST(N'1994-04-04T00:00:00.000' AS DateTime), 0)
INSERT [dbo].[Customers] ([Id], [Name], [BirthDate], [IsYoungDriver]) VALUES (21, N'Cinthia Lasala', CAST(N'1992-11-01T00:00:00.000' AS DateTime), 1)
INSERT [dbo].[Customers] ([Id], [Name], [BirthDate], [IsYoungDriver]) VALUES (22, N'Daniele Zarate', CAST(N'1995-10-05T00:00:00.000' AS DateTime), 0)
INSERT [dbo].[Customers] ([Id], [Name], [BirthDate], [IsYoungDriver]) VALUES (23, N'Faustina Burgher', CAST(N'1994-06-01T00:00:00.000' AS DateTime), 0)
INSERT [dbo].[Customers] ([Id], [Name], [BirthDate], [IsYoungDriver]) VALUES (24, N'Jimmy Grossi', CAST(N'1986-07-01T00:00:00.000' AS DateTime), 1)
INSERT [dbo].[Customers] ([Id], [Name], [BirthDate], [IsYoungDriver]) VALUES (25, N'Sylvie Mcelravy', CAST(N'1983-10-01T00:00:00.000' AS DateTime), 0)
INSERT [dbo].[Customers] ([Id], [Name], [BirthDate], [IsYoungDriver]) VALUES (26, N'Hipolito Lamoreaux', CAST(N'1982-08-01T00:00:00.000' AS DateTime), 1)
INSERT [dbo].[Customers] ([Id], [Name], [BirthDate], [IsYoungDriver]) VALUES (27, N'Garret Capron', CAST(N'1975-07-01T00:00:00.000' AS DateTime), 0)
INSERT [dbo].[Customers] ([Id], [Name], [BirthDate], [IsYoungDriver]) VALUES (28, N'Donnetta Soliz', CAST(N'1963-10-01T00:00:00.000' AS DateTime), 1)
INSERT [dbo].[Customers] ([Id], [Name], [BirthDate], [IsYoungDriver]) VALUES (29, N'Louann Holzworth', CAST(N'1960-10-01T00:00:00.000' AS DateTime), 0)
INSERT [dbo].[Customers] ([Id], [Name], [BirthDate], [IsYoungDriver]) VALUES (30, N'Ann Mcenaney', CAST(N'1992-03-02T00:00:00.000' AS DateTime), 1)
SET IDENTITY_INSERT [dbo].[Customers] OFF
SET IDENTITY_INSERT [dbo].[Sales] ON 

INSERT [dbo].[Sales] ([Id], [Discount], [CarId], [CustomerId]) VALUES (1, 0.3, 280, 28)
INSERT [dbo].[Sales] ([Id], [Discount], [CarId], [CustomerId]) VALUES (2, 0.2, 80, 16)
INSERT [dbo].[Sales] ([Id], [Discount], [CarId], [CustomerId]) VALUES (3, 0.4, 356, 29)
INSERT [dbo].[Sales] ([Id], [Discount], [CarId], [CustomerId]) VALUES (4, 0.4, 316, 11)
INSERT [dbo].[Sales] ([Id], [Discount], [CarId], [CustomerId]) VALUES (5, 0.2, 105, 18)
INSERT [dbo].[Sales] ([Id], [Discount], [CarId], [CustomerId]) VALUES (6, 0.4, 322, 11)
INSERT [dbo].[Sales] ([Id], [Discount], [CarId], [CustomerId]) VALUES (7, 0.05, 111, 8)
INSERT [dbo].[Sales] ([Id], [Discount], [CarId], [CustomerId]) VALUES (8, 0.3, 259, 20)
INSERT [dbo].[Sales] ([Id], [Discount], [CarId], [CustomerId]) VALUES (9, 0.4, 347, 28)
INSERT [dbo].[Sales] ([Id], [Discount], [CarId], [CustomerId]) VALUES (10, 0.05, 136, 10)
INSERT [dbo].[Sales] ([Id], [Discount], [CarId], [CustomerId]) VALUES (11, 0, 283, 23)
INSERT [dbo].[Sales] ([Id], [Discount], [CarId], [CustomerId]) VALUES (12, 0.2, 244, 5)
INSERT [dbo].[Sales] ([Id], [Discount], [CarId], [CustomerId]) VALUES (13, 0.1, 161, 12)
INSERT [dbo].[Sales] ([Id], [Discount], [CarId], [CustomerId]) VALUES (14, 0.05, 121, 25)
INSERT [dbo].[Sales] ([Id], [Discount], [CarId], [CustomerId]) VALUES (15, 0.3, 269, 7)
INSERT [dbo].[Sales] ([Id], [Discount], [CarId], [CustomerId]) VALUES (16, 0.4, 58, 4)
INSERT [dbo].[Sales] ([Id], [Discount], [CarId], [CustomerId]) VALUES (17, 0.05, 146, 27)
INSERT [dbo].[Sales] ([Id], [Discount], [CarId], [CustomerId]) VALUES (18, 0.3, 294, 23)
INSERT [dbo].[Sales] ([Id], [Discount], [CarId], [CustomerId]) VALUES (19, 0, 83, 6)
INSERT [dbo].[Sales] ([Id], [Discount], [CarId], [CustomerId]) VALUES (20, 0.5, 230, 18)
INSERT [dbo].[Sales] ([Id], [Discount], [CarId], [CustomerId]) VALUES (21, 0.4, 190, 30)
INSERT [dbo].[Sales] ([Id], [Discount], [CarId], [CustomerId]) VALUES (22, 0.05, 108, 8)
INSERT [dbo].[Sales] ([Id], [Discount], [CarId], [CustomerId]) VALUES (23, 0, 68, 20)
INSERT [dbo].[Sales] ([Id], [Discount], [CarId], [CustomerId]) VALUES (24, 0.4, 215, 2)
INSERT [dbo].[Sales] ([Id], [Discount], [CarId], [CustomerId]) VALUES (25, 0.5, 133, 10)
INSERT [dbo].[Sales] ([Id], [Discount], [CarId], [CustomerId]) VALUES (26, 0.05, 152, 11)
INSERT [dbo].[Sales] ([Id], [Discount], [CarId], [CustomerId]) VALUES (27, 0.05, 112, 24)
INSERT [dbo].[Sales] ([Id], [Discount], [CarId], [CustomerId]) VALUES (28, 0.3, 259, 6)
INSERT [dbo].[Sales] ([Id], [Discount], [CarId], [CustomerId]) VALUES (29, 0.5, 48, 3)
INSERT [dbo].[Sales] ([Id], [Discount], [CarId], [CustomerId]) VALUES (30, 0.1, 195, 15)
INSERT [dbo].[Sales] ([Id], [Discount], [CarId], [CustomerId]) VALUES (31, 0.1, 155, 27)
INSERT [dbo].[Sales] ([Id], [Discount], [CarId], [CustomerId]) VALUES (32, 0, 303, 10)
INSERT [dbo].[Sales] ([Id], [Discount], [CarId], [CustomerId]) VALUES (33, 0.5, 220, 17)
INSERT [dbo].[Sales] ([Id], [Discount], [CarId], [CustomerId]) VALUES (34, 0.1, 180, 30)
INSERT [dbo].[Sales] ([Id], [Discount], [CarId], [CustomerId]) VALUES (35, 0.4, 328, 26)
INSERT [dbo].[Sales] ([Id], [Discount], [CarId], [CustomerId]) VALUES (36, 0.05, 117, 9)
INSERT [dbo].[Sales] ([Id], [Discount], [CarId], [CustomerId]) VALUES (37, 0.2, 205, 2)
INSERT [dbo].[Sales] ([Id], [Discount], [CarId], [CustomerId]) VALUES (38, 0.4, 353, 28)
INSERT [dbo].[Sales] ([Id], [Discount], [CarId], [CustomerId]) VALUES (39, 0.05, 142, 11)
INSERT [dbo].[Sales] ([Id], [Discount], [CarId], [CustomerId]) VALUES (40, 0.2, 102, 18)
INSERT [dbo].[Sales] ([Id], [Discount], [CarId], [CustomerId]) VALUES (41, 0.4, 20, 30)
INSERT [dbo].[Sales] ([Id], [Discount], [CarId], [CustomerId]) VALUES (42, 0.05, 108, 24)
INSERT [dbo].[Sales] ([Id], [Discount], [CarId], [CustomerId]) VALUES (43, 0.1, 255, 1)
INSERT [dbo].[Sales] ([Id], [Discount], [CarId], [CustomerId]) VALUES (44, 0.5, 344, 13)
INSERT [dbo].[Sales] ([Id], [Discount], [CarId], [CustomerId]) VALUES (45, 0.05, 133, 10)
INSERT [dbo].[Sales] ([Id], [Discount], [CarId], [CustomerId]) VALUES (46, 0.3, 280, 22)
INSERT [dbo].[Sales] ([Id], [Discount], [CarId], [CustomerId]) VALUES (47, 0.2, 70, 5)
INSERT [dbo].[Sales] ([Id], [Discount], [CarId], [CustomerId]) VALUES (48, 0.1, 30, 12)
INSERT [dbo].[Sales] ([Id], [Discount], [CarId], [CustomerId]) VALUES (49, 0.3, 305, 24)
INSERT [dbo].[Sales] ([Id], [Discount], [CarId], [CustomerId]) VALUES (50, 0.3, 266, 7)
SET IDENTITY_INSERT [dbo].[Sales] OFF
SET IDENTITY_INSERT [dbo].[Suppliers] ON 

INSERT [dbo].[Suppliers] ([Id], [Name], [IsImporter]) VALUES (1, N'3M Company', 1)
INSERT [dbo].[Suppliers] ([Id], [Name], [IsImporter]) VALUES (2, N'Agway Inc.', 0)
INSERT [dbo].[Suppliers] ([Id], [Name], [IsImporter]) VALUES (3, N'Anthem, Inc.', 1)
INSERT [dbo].[Suppliers] ([Id], [Name], [IsImporter]) VALUES (4, N'Airgas, Inc.', 0)
INSERT [dbo].[Suppliers] ([Id], [Name], [IsImporter]) VALUES (5, N'Atmel Corporation', 1)
INSERT [dbo].[Suppliers] ([Id], [Name], [IsImporter]) VALUES (6, N'Big Lots, Inc.', 1)
INSERT [dbo].[Suppliers] ([Id], [Name], [IsImporter]) VALUES (7, N'Caterpillar Inc.', 0)
INSERT [dbo].[Suppliers] ([Id], [Name], [IsImporter]) VALUES (8, N'Casey''s General Stores Inc.', 1)
INSERT [dbo].[Suppliers] ([Id], [Name], [IsImporter]) VALUES (9, N'Cintas Corp.', 0)
INSERT [dbo].[Suppliers] ([Id], [Name], [IsImporter]) VALUES (10, N'Chubb Corp', 1)
INSERT [dbo].[Suppliers] ([Id], [Name], [IsImporter]) VALUES (11, N'Cintas Corp.', 0)
INSERT [dbo].[Suppliers] ([Id], [Name], [IsImporter]) VALUES (12, N'CNF Inc.', 1)
INSERT [dbo].[Suppliers] ([Id], [Name], [IsImporter]) VALUES (13, N'CMGI Inc.', 1)
INSERT [dbo].[Suppliers] ([Id], [Name], [IsImporter]) VALUES (14, N'The Clorox Co.', 0)
INSERT [dbo].[Suppliers] ([Id], [Name], [IsImporter]) VALUES (15, N'Danaher Corporation', 1)
INSERT [dbo].[Suppliers] ([Id], [Name], [IsImporter]) VALUES (16, N'E.I. Du Pont de Nemours and Company', 0)
INSERT [dbo].[Suppliers] ([Id], [Name], [IsImporter]) VALUES (17, N'E*Trade Group, Inc.', 1)
INSERT [dbo].[Suppliers] ([Id], [Name], [IsImporter]) VALUES (18, N'Emcor Group Inc.', 1)
INSERT [dbo].[Suppliers] ([Id], [Name], [IsImporter]) VALUES (19, N'GenCorp Inc.', 0)
INSERT [dbo].[Suppliers] ([Id], [Name], [IsImporter]) VALUES (20, N'IDT Corporation', 1)
INSERT [dbo].[Suppliers] ([Id], [Name], [IsImporter]) VALUES (21, N'Level 3 Communications Inc.', 0)
INSERT [dbo].[Suppliers] ([Id], [Name], [IsImporter]) VALUES (22, N'Merck & Co., Inc.', 1)
INSERT [dbo].[Suppliers] ([Id], [Name], [IsImporter]) VALUES (23, N'Nicor Inc', 0)
INSERT [dbo].[Suppliers] ([Id], [Name], [IsImporter]) VALUES (24, N'Olin Corp.', 1)
INSERT [dbo].[Suppliers] ([Id], [Name], [IsImporter]) VALUES (25, N'Paychex Inc', 1)
INSERT [dbo].[Suppliers] ([Id], [Name], [IsImporter]) VALUES (26, N'Saks Inc', 0)
INSERT [dbo].[Suppliers] ([Id], [Name], [IsImporter]) VALUES (27, N'Sunoco Inc.', 1)
INSERT [dbo].[Suppliers] ([Id], [Name], [IsImporter]) VALUES (28, N'Textron Inc', 1)
INSERT [dbo].[Suppliers] ([Id], [Name], [IsImporter]) VALUES (29, N'VF Corporation', 0)
INSERT [dbo].[Suppliers] ([Id], [Name], [IsImporter]) VALUES (30, N'Wyeth', 1)
INSERT [dbo].[Suppliers] ([Id], [Name], [IsImporter]) VALUES (31, N'Zale', 0)
SET IDENTITY_INSERT [dbo].[Suppliers] OFF
SET IDENTITY_INSERT [dbo].[Parts] ON 

INSERT [dbo].[Parts] ([Id], [Name], [Price], [Quantity], [SupplierId]) VALUES (1, N'Bonnet/hood', 1001.34, 10, 13)
INSERT [dbo].[Parts] ([Id], [Name], [Price], [Quantity], [SupplierId]) VALUES (2, N'Unexposed bumper', 1003.34, 10, 22)
INSERT [dbo].[Parts] ([Id], [Name], [Price], [Quantity], [SupplierId]) VALUES (3, N'Exposed bumper', 1400.34, 10, 20)
INSERT [dbo].[Parts] ([Id], [Name], [Price], [Quantity], [SupplierId]) VALUES (4, N'Cowl screen', 1500.34, 10, 19)
INSERT [dbo].[Parts] ([Id], [Name], [Price], [Quantity], [SupplierId]) VALUES (5, N'Decklid', 1060.34, 11, 2)
INSERT [dbo].[Parts] ([Id], [Name], [Price], [Quantity], [SupplierId]) VALUES (6, N'Fascia', 100.34, 10, 31)
INSERT [dbo].[Parts] ([Id], [Name], [Price], [Quantity], [SupplierId]) VALUES (7, N'Fender', 10.34, 10, 30)
INSERT [dbo].[Parts] ([Id], [Name], [Price], [Quantity], [SupplierId]) VALUES (8, N'Front clip', 100, 10, 13)
INSERT [dbo].[Parts] ([Id], [Name], [Price], [Quantity], [SupplierId]) VALUES (9, N'Front fascia', 11.99, 10, 11)
INSERT [dbo].[Parts] ([Id], [Name], [Price], [Quantity], [SupplierId]) VALUES (10, N'Grille', 144.99, 10, 15)
INSERT [dbo].[Parts] ([Id], [Name], [Price], [Quantity], [SupplierId]) VALUES (11, N'Pillar', 100.99, 10, 13)
INSERT [dbo].[Parts] ([Id], [Name], [Price], [Quantity], [SupplierId]) VALUES (12, N'Quarter panel', 100.99, 200, 27)
INSERT [dbo].[Parts] ([Id], [Name], [Price], [Quantity], [SupplierId]) VALUES (13, N'Radiator ', 100.99, 10, 6)
INSERT [dbo].[Parts] ([Id], [Name], [Price], [Quantity], [SupplierId]) VALUES (14, N'Rocker', 100.99, 10, 4)
INSERT [dbo].[Parts] ([Id], [Name], [Price], [Quantity], [SupplierId]) VALUES (15, N'Roof rack', 100.99, 10, 8)
INSERT [dbo].[Parts] ([Id], [Name], [Price], [Quantity], [SupplierId]) VALUES (16, N'Spoiler', 3000.99, 10, 12)
INSERT [dbo].[Parts] ([Id], [Name], [Price], [Quantity], [SupplierId]) VALUES (17, N'Rims', 4020.99, 10, 21)
INSERT [dbo].[Parts] ([Id], [Name], [Price], [Quantity], [SupplierId]) VALUES (18, N'Trim package', 1900.99, 10, 5)
INSERT [dbo].[Parts] ([Id], [Name], [Price], [Quantity], [SupplierId]) VALUES (19, N'Trunk/boot/hatch', 2200.99, 300, 3)
INSERT [dbo].[Parts] ([Id], [Name], [Price], [Quantity], [SupplierId]) VALUES (20, N'Valance', 1002.99, 10, 17)
INSERT [dbo].[Parts] ([Id], [Name], [Price], [Quantity], [SupplierId]) VALUES (21, N'Welded assembly', 1020.99, 10, 16)
INSERT [dbo].[Parts] ([Id], [Name], [Price], [Quantity], [SupplierId]) VALUES (22, N'Front Right Outer door handle', 999.99, 345, 14)
INSERT [dbo].[Parts] ([Id], [Name], [Price], [Quantity], [SupplierId]) VALUES (23, N'Front Left Side Outer door handle', 999.99, 10, 28)
INSERT [dbo].[Parts] ([Id], [Name], [Price], [Quantity], [SupplierId]) VALUES (24, N'Rear Right Side Outer door handle', 80.99, 10, 27)
INSERT [dbo].[Parts] ([Id], [Name], [Price], [Quantity], [SupplierId]) VALUES (25, N'Rear Left Side Outer door handle', 120.99, 10, 30)
INSERT [dbo].[Parts] ([Id], [Name], [Price], [Quantity], [SupplierId]) VALUES (26, N'Front Right Side Inner door handle', 100.99, 10, 28)
INSERT [dbo].[Parts] ([Id], [Name], [Price], [Quantity], [SupplierId]) VALUES (27, N'Front Left Side Inner door handle', 77.99, 1032, 12)
INSERT [dbo].[Parts] ([Id], [Name], [Price], [Quantity], [SupplierId]) VALUES (28, N'Rear Right Side Inner door handle', 79.99, 10, 10)
INSERT [dbo].[Parts] ([Id], [Name], [Price], [Quantity], [SupplierId]) VALUES (29, N'Rear Left Side Inner door handle', 93.99, 234, 8)
INSERT [dbo].[Parts] ([Id], [Name], [Price], [Quantity], [SupplierId]) VALUES (30, N'Back Door Outer Door Handle', 43.99, 10, 23)
INSERT [dbo].[Parts] ([Id], [Name], [Price], [Quantity], [SupplierId]) VALUES (31, N'Front Right Side Window motor', 44.99, 10, 1)
INSERT [dbo].[Parts] ([Id], [Name], [Price], [Quantity], [SupplierId]) VALUES (32, N'Front Left Side Window motor', 56.99, 10, 31)
INSERT [dbo].[Parts] ([Id], [Name], [Price], [Quantity], [SupplierId]) VALUES (33, N'Rear Right Side Window motor', 22.99, 10, 29)
INSERT [dbo].[Parts] ([Id], [Name], [Price], [Quantity], [SupplierId]) VALUES (34, N'Rear Left Side Window motor', 144.99, 10, 12)
INSERT [dbo].[Parts] ([Id], [Name], [Price], [Quantity], [SupplierId]) VALUES (35, N'Door control module', 421.99, 10, 11)
INSERT [dbo].[Parts] ([Id], [Name], [Price], [Quantity], [SupplierId]) VALUES (36, N'Door seal', 444.99, 10, 25)
INSERT [dbo].[Parts] ([Id], [Name], [Price], [Quantity], [SupplierId]) VALUES (37, N'Door water-shield', 123.99, 10, 23)
INSERT [dbo].[Parts] ([Id], [Name], [Price], [Quantity], [SupplierId]) VALUES (38, N'Hinge', 11.99, 10, 22)
INSERT [dbo].[Parts] ([Id], [Name], [Price], [Quantity], [SupplierId]) VALUES (39, N'Door latch', 2331.99, 10, 5)
INSERT [dbo].[Parts] ([Id], [Name], [Price], [Quantity], [SupplierId]) VALUES (40, N'Door lock and power door locks', 120.99, 10, 23)
INSERT [dbo].[Parts] ([Id], [Name], [Price], [Quantity], [SupplierId]) VALUES (41, N'Center-locking', 313.99, 10, 7)
INSERT [dbo].[Parts] ([Id], [Name], [Price], [Quantity], [SupplierId]) VALUES (42, N'Fuel tank', 100.98, 10, 11)
INSERT [dbo].[Parts] ([Id], [Name], [Price], [Quantity], [SupplierId]) VALUES (43, N'Front Right Side Door Glass', 100.91, 10, 25)
INSERT [dbo].[Parts] ([Id], [Name], [Price], [Quantity], [SupplierId]) VALUES (44, N'Front Left Side Door Glass', 100.92, 10, 24)
INSERT [dbo].[Parts] ([Id], [Name], [Price], [Quantity], [SupplierId]) VALUES (45, N'Rear Right Side Door Glass', 100.9, 10, 7)
INSERT [dbo].[Parts] ([Id], [Name], [Price], [Quantity], [SupplierId]) VALUES (46, N'Rear Left Side Door Glass', 100.66, 10, 5)
INSERT [dbo].[Parts] ([Id], [Name], [Price], [Quantity], [SupplierId]) VALUES (47, N'Rear Right Quarter Glass', 100.66, 10, 4)
INSERT [dbo].[Parts] ([Id], [Name], [Price], [Quantity], [SupplierId]) VALUES (48, N'Rear Left Quarter Glass', 100.55, 10, 18)
INSERT [dbo].[Parts] ([Id], [Name], [Price], [Quantity], [SupplierId]) VALUES (49, N'Sunroof', 103.43, 10, 17)
INSERT [dbo].[Parts] ([Id], [Name], [Price], [Quantity], [SupplierId]) VALUES (50, N'Sunroof Rail', 100.25, 10, 15)
INSERT [dbo].[Parts] ([Id], [Name], [Price], [Quantity], [SupplierId]) VALUES (51, N'Sunroof Glass', 205.24, 10, 29)
INSERT [dbo].[Parts] ([Id], [Name], [Price], [Quantity], [SupplierId]) VALUES (52, N'Window motor', 123.49, 10, 28)
INSERT [dbo].[Parts] ([Id], [Name], [Price], [Quantity], [SupplierId]) VALUES (53, N'Window regulator', 100.99, 10, 6)
INSERT [dbo].[Parts] ([Id], [Name], [Price], [Quantity], [SupplierId]) VALUES (54, N'Windshield', 100.99, 10, 20)
INSERT [dbo].[Parts] ([Id], [Name], [Price], [Quantity], [SupplierId]) VALUES (55, N'Window seal', 100.99, 10, 19)
INSERT [dbo].[Parts] ([Id], [Name], [Price], [Quantity], [SupplierId]) VALUES (56, N'Engine', 100.99, 10, 22)
INSERT [dbo].[Parts] ([Id], [Name], [Price], [Quantity], [SupplierId]) VALUES (57, N'Camshaft', 100.98, 10, 20)
INSERT [dbo].[Parts] ([Id], [Name], [Price], [Quantity], [SupplierId]) VALUES (58, N'Crank case', 2.93, 10, 19)
INSERT [dbo].[Parts] ([Id], [Name], [Price], [Quantity], [SupplierId]) VALUES (59, N'Crank pulley', 2.8, 10, 2)
INSERT [dbo].[Parts] ([Id], [Name], [Price], [Quantity], [SupplierId]) VALUES (60, N'Crankshaft', 4.99, 10, 5)
INSERT [dbo].[Parts] ([Id], [Name], [Price], [Quantity], [SupplierId]) VALUES (61, N'Cylinder head', 6.99, 10, 15)
INSERT [dbo].[Parts] ([Id], [Name], [Price], [Quantity], [SupplierId]) VALUES (62, N'Distributor', 7.99, 10, 13)
INSERT [dbo].[Parts] ([Id], [Name], [Price], [Quantity], [SupplierId]) VALUES (63, N'Distributor cap', 9.99, 10, 16)
INSERT [dbo].[Parts] ([Id], [Name], [Price], [Quantity], [SupplierId]) VALUES (64, N'Drive belt', 3.99, 10, 15)
INSERT [dbo].[Parts] ([Id], [Name], [Price], [Quantity], [SupplierId]) VALUES (65, N'Engine block', 40.99, 10, 13)
INSERT [dbo].[Parts] ([Id], [Name], [Price], [Quantity], [SupplierId]) VALUES (66, N'Engine cradle', 39.99, 10, 27)
INSERT [dbo].[Parts] ([Id], [Name], [Price], [Quantity], [SupplierId]) VALUES (67, N'Engine shake damper and vibration absorber', 100.99, 10, 26)
INSERT [dbo].[Parts] ([Id], [Name], [Price], [Quantity], [SupplierId]) VALUES (68, N'Engine valve', 49.99, 10, 9)
INSERT [dbo].[Parts] ([Id], [Name], [Price], [Quantity], [SupplierId]) VALUES (69, N'Fan belt', 10.99, 10, 7)
INSERT [dbo].[Parts] ([Id], [Name], [Price], [Quantity], [SupplierId]) VALUES (70, N'Gudgeon pin', 44.99, 10, 6)
INSERT [dbo].[Parts] ([Id], [Name], [Price], [Quantity], [SupplierId]) VALUES (71, N'Harmonic balancer', 67.99, 10, 20)
INSERT [dbo].[Parts] ([Id], [Name], [Price], [Quantity], [SupplierId]) VALUES (72, N'Heater', 82.99, 10, 18)
INSERT [dbo].[Parts] ([Id], [Name], [Price], [Quantity], [SupplierId]) VALUES (73, N'Piston', 94.99, 10, 17)
INSERT [dbo].[Parts] ([Id], [Name], [Price], [Quantity], [SupplierId]) VALUES (74, N'Poppet valve', 88.99, 10, 31)
INSERT [dbo].[Parts] ([Id], [Name], [Price], [Quantity], [SupplierId]) VALUES (75, N'Rocker arm', 98.99, 10, 29)
INSERT [dbo].[Parts] ([Id], [Name], [Price], [Quantity], [SupplierId]) VALUES (76, N'Rocker cover', 10.99, 10, 13)
INSERT [dbo].[Parts] ([Id], [Name], [Price], [Quantity], [SupplierId]) VALUES (77, N'Starter motor', 0.99, 10, 11)
INSERT [dbo].[Parts] ([Id], [Name], [Price], [Quantity], [SupplierId]) VALUES (78, N'Turbocharger', 0.4, 10, 10)
INSERT [dbo].[Parts] ([Id], [Name], [Price], [Quantity], [SupplierId]) VALUES (79, N'Tappet', 300.29, 10, 19)
INSERT [dbo].[Parts] ([Id], [Name], [Price], [Quantity], [SupplierId]) VALUES (80, N'Timing tape', 40.9, 10, 2)
INSERT [dbo].[Parts] ([Id], [Name], [Price], [Quantity], [SupplierId]) VALUES (81, N'Valve cover', 130.99, 10, 1)
INSERT [dbo].[Parts] ([Id], [Name], [Price], [Quantity], [SupplierId]) VALUES (82, N'Valve housing', 400.99, 10, 30)
INSERT [dbo].[Parts] ([Id], [Name], [Price], [Quantity], [SupplierId]) VALUES (83, N'Valve spring', 104.99, 10, 13)
INSERT [dbo].[Parts] ([Id], [Name], [Price], [Quantity], [SupplierId]) VALUES (84, N'Valve stem seal', 120.99, 10, 12)
INSERT [dbo].[Parts] ([Id], [Name], [Price], [Quantity], [SupplierId]) VALUES (85, N'Water pump pulley', 150.99, 10, 26)
INSERT [dbo].[Parts] ([Id], [Name], [Price], [Quantity], [SupplierId]) VALUES (86, N'Air blower', 140.99, 10, 5)
INSERT [dbo].[Parts] ([Id], [Name], [Price], [Quantity], [SupplierId]) VALUES (87, N'Coolant hose ', 150.99, 10, 3)
INSERT [dbo].[Parts] ([Id], [Name], [Price], [Quantity], [SupplierId]) VALUES (88, N'Cooling fan', 120.99, 10, 1)
INSERT [dbo].[Parts] ([Id], [Name], [Price], [Quantity], [SupplierId]) VALUES (89, N'Fan blade', 150.99, 10, 4)
INSERT [dbo].[Parts] ([Id], [Name], [Price], [Quantity], [SupplierId]) VALUES (90, N'Fan clutch', 120.99, 10, 3)
INSERT [dbo].[Parts] ([Id], [Name], [Price], [Quantity], [SupplierId]) VALUES (91, N'Radiator bolt', 160.99, 10, 17)
INSERT [dbo].[Parts] ([Id], [Name], [Price], [Quantity], [SupplierId]) VALUES (92, N'Radiator (fan) shroud', 300.99, 10, 21)
INSERT [dbo].[Parts] ([Id], [Name], [Price], [Quantity], [SupplierId]) VALUES (93, N'Radiator gasket', 140.99, 10, 30)
INSERT [dbo].[Parts] ([Id], [Name], [Price], [Quantity], [SupplierId]) VALUES (94, N'Radiator pressure cap', 600.99, 10, 28)
INSERT [dbo].[Parts] ([Id], [Name], [Price], [Quantity], [SupplierId]) VALUES (95, N'Overflow tank', 1200.99, 10, 26)
INSERT [dbo].[Parts] ([Id], [Name], [Price], [Quantity], [SupplierId]) VALUES (96, N'Thermostat', 1050.99, 10, 10)
INSERT [dbo].[Parts] ([Id], [Name], [Price], [Quantity], [SupplierId]) VALUES (97, N'Water neck', 900.99, 10, 8)
INSERT [dbo].[Parts] ([Id], [Name], [Price], [Quantity], [SupplierId]) VALUES (98, N'Water neck o-ring', 43.99, 10, 7)
INSERT [dbo].[Parts] ([Id], [Name], [Price], [Quantity], [SupplierId]) VALUES (99, N'Water pipe', 44.94, 10, 21)
GO
INSERT [dbo].[Parts] ([Id], [Name], [Price], [Quantity], [SupplierId]) VALUES (100, N'Water pump', 44.93, 10, 19)
INSERT [dbo].[Parts] ([Id], [Name], [Price], [Quantity], [SupplierId]) VALUES (101, N'Water pump gasket', 120.29, 10, 3)
INSERT [dbo].[Parts] ([Id], [Name], [Price], [Quantity], [SupplierId]) VALUES (102, N'Water tank', 100.99, 10, 12)
INSERT [dbo].[Parts] ([Id], [Name], [Price], [Quantity], [SupplierId]) VALUES (103, N'Oil filter', 200.99, 10, 10)
INSERT [dbo].[Parts] ([Id], [Name], [Price], [Quantity], [SupplierId]) VALUES (104, N'Oil gasket', 130.99, 10, 9)
INSERT [dbo].[Parts] ([Id], [Name], [Price], [Quantity], [SupplierId]) VALUES (105, N'Oil pan', 140.99, 10, 23)
INSERT [dbo].[Parts] ([Id], [Name], [Price], [Quantity], [SupplierId]) VALUES (106, N'Oil pipe', 100.29, 10, 21)
INSERT [dbo].[Parts] ([Id], [Name], [Price], [Quantity], [SupplierId]) VALUES (107, N'Oil pump', 100.19, 10, 20)
INSERT [dbo].[Parts] ([Id], [Name], [Price], [Quantity], [SupplierId]) VALUES (108, N'Oil strainer', 45.29, 10, 3)
INSERT [dbo].[Parts] ([Id], [Name], [Price], [Quantity], [SupplierId]) VALUES (109, N'Catalytic converter', 540.99, 10, 1)
INSERT [dbo].[Parts] ([Id], [Name], [Price], [Quantity], [SupplierId]) VALUES (110, N'Exhaust clamp and bracket', 140.99, 10, 16)
INSERT [dbo].[Parts] ([Id], [Name], [Price], [Quantity], [SupplierId]) VALUES (111, N'Exhaust flange gasket', 130.99, 10, 14)
INSERT [dbo].[Parts] ([Id], [Name], [Price], [Quantity], [SupplierId]) VALUES (112, N'Resonator', 106.99, 10, 12)
INSERT [dbo].[Parts] ([Id], [Name], [Price], [Quantity], [SupplierId]) VALUES (113, N'Muffler', 106.9, 10, 27)
INSERT [dbo].[Parts] ([Id], [Name], [Price], [Quantity], [SupplierId]) VALUES (114, N'Exhaust pipe', 130.99, 10, 25)
INSERT [dbo].[Parts] ([Id], [Name], [Price], [Quantity], [SupplierId]) VALUES (115, N'Heat shield', 10.99, 10, 23)
INSERT [dbo].[Parts] ([Id], [Name], [Price], [Quantity], [SupplierId]) VALUES (116, N'Air filter', 200.99, 10, 7)
INSERT [dbo].[Parts] ([Id], [Name], [Price], [Quantity], [SupplierId]) VALUES (117, N'Choke cable', 130.99, 10, 5)
INSERT [dbo].[Parts] ([Id], [Name], [Price], [Quantity], [SupplierId]) VALUES (118, N'Fuel cooler', 140.99, 10, 15)
INSERT [dbo].[Parts] ([Id], [Name], [Price], [Quantity], [SupplierId]) VALUES (119, N'Fuel filter', 162.99, 10, 29)
INSERT [dbo].[Parts] ([Id], [Name], [Price], [Quantity], [SupplierId]) VALUES (120, N'Fuel rail', 107.99, 10, 27)
INSERT [dbo].[Parts] ([Id], [Name], [Price], [Quantity], [SupplierId]) VALUES (121, N'Fuel pressure regulator', 100.99, 10, 26)
INSERT [dbo].[Parts] ([Id], [Name], [Price], [Quantity], [SupplierId]) VALUES (122, N'Steering arm', 104.99, 10, 9)
INSERT [dbo].[Parts] ([Id], [Name], [Price], [Quantity], [SupplierId]) VALUES (123, N'Steering box', 103.99, 10, 7)
INSERT [dbo].[Parts] ([Id], [Name], [Price], [Quantity], [SupplierId]) VALUES (124, N'Clutch assembly', 120.99, 10, 6)
INSERT [dbo].[Parts] ([Id], [Name], [Price], [Quantity], [SupplierId]) VALUES (125, N'Master cylinder', 130.99, 10, 20)
INSERT [dbo].[Parts] ([Id], [Name], [Price], [Quantity], [SupplierId]) VALUES (126, N'Speed reducer', 14.99, 10, 23)
INSERT [dbo].[Parts] ([Id], [Name], [Price], [Quantity], [SupplierId]) VALUES (127, N'Transmission gear', 15.99, 10, 2)
INSERT [dbo].[Parts] ([Id], [Name], [Price], [Quantity], [SupplierId]) VALUES (128, N'Transmission pan', 106.99, 10, 31)
INSERT [dbo].[Parts] ([Id], [Name], [Price], [Quantity], [SupplierId]) VALUES (129, N'Differential seal', 109.99, 10, 29)
INSERT [dbo].[Parts] ([Id], [Name], [Price], [Quantity], [SupplierId]) VALUES (130, N'Differential clutch', 120.99, 10, 13)
INSERT [dbo].[Parts] ([Id], [Name], [Price], [Quantity], [SupplierId]) VALUES (131, N'Clutch shoe', 10.49, 10, 11)
SET IDENTITY_INSERT [dbo].[Parts] OFF
INSERT [dbo].[PartCars] ([PartId], [CarId]) VALUES (20, 1)
INSERT [dbo].[PartCars] ([PartId], [CarId]) VALUES (41, 1)
INSERT [dbo].[PartCars] ([PartId], [CarId]) VALUES (67, 1)
INSERT [dbo].[PartCars] ([PartId], [CarId]) VALUES (92, 1)
INSERT [dbo].[PartCars] ([PartId], [CarId]) VALUES (114, 1)
INSERT [dbo].[PartCars] ([PartId], [CarId]) VALUES (8, 2)
INSERT [dbo].[PartCars] ([PartId], [CarId]) VALUES (34, 2)
INSERT [dbo].[PartCars] ([PartId], [CarId]) VALUES (92, 2)
INSERT [dbo].[PartCars] ([PartId], [CarId]) VALUES (118, 2)
INSERT [dbo].[PartCars] ([PartId], [CarId]) VALUES (34, 3)
INSERT [dbo].[PartCars] ([PartId], [CarId]) VALUES (59, 3)
INSERT [dbo].[PartCars] ([PartId], [CarId]) VALUES (81, 3)
INSERT [dbo].[PartCars] ([PartId], [CarId]) VALUES (22, 4)
INSERT [dbo].[PartCars] ([PartId], [CarId]) VALUES (59, 4)
INSERT [dbo].[PartCars] ([PartId], [CarId]) VALUES (106, 4)
INSERT [dbo].[PartCars] ([PartId], [CarId]) VALUES (1, 5)
INSERT [dbo].[PartCars] ([PartId], [CarId]) VALUES (22, 5)
INSERT [dbo].[PartCars] ([PartId], [CarId]) VALUES (48, 5)
INSERT [dbo].[PartCars] ([PartId], [CarId]) VALUES (26, 6)
INSERT [dbo].[PartCars] ([PartId], [CarId]) VALUES (48, 6)
INSERT [dbo].[PartCars] ([PartId], [CarId]) VALUES (73, 6)
INSERT [dbo].[PartCars] ([PartId], [CarId]) VALUES (15, 7)
INSERT [dbo].[PartCars] ([PartId], [CarId]) VALUES (99, 7)
INSERT [dbo].[PartCars] ([PartId], [CarId]) VALUES (120, 7)
INSERT [dbo].[PartCars] ([PartId], [CarId]) VALUES (15, 8)
INSERT [dbo].[PartCars] ([PartId], [CarId]) VALUES (41, 8)
INSERT [dbo].[PartCars] ([PartId], [CarId]) VALUES (62, 8)
INSERT [dbo].[PartCars] ([PartId], [CarId]) VALUES (41, 9)
INSERT [dbo].[PartCars] ([PartId], [CarId]) VALUES (88, 9)
INSERT [dbo].[PartCars] ([PartId], [CarId]) VALUES (29, 10)
INSERT [dbo].[PartCars] ([PartId], [CarId]) VALUES (66, 10)
INSERT [dbo].[PartCars] ([PartId], [CarId]) VALUES (113, 10)
INSERT [dbo].[PartCars] ([PartId], [CarId]) VALUES (8, 11)
INSERT [dbo].[PartCars] ([PartId], [CarId]) VALUES (29, 11)
INSERT [dbo].[PartCars] ([PartId], [CarId]) VALUES (55, 11)
INSERT [dbo].[PartCars] ([PartId], [CarId]) VALUES (80, 12)
INSERT [dbo].[PartCars] ([PartId], [CarId]) VALUES (102, 12)
INSERT [dbo].[PartCars] ([PartId], [CarId]) VALUES (127, 12)
INSERT [dbo].[PartCars] ([PartId], [CarId]) VALUES (22, 13)
INSERT [dbo].[PartCars] ([PartId], [CarId]) VALUES (47, 13)
INSERT [dbo].[PartCars] ([PartId], [CarId]) VALUES (69, 13)
INSERT [dbo].[PartCars] ([PartId], [CarId]) VALUES (106, 13)
INSERT [dbo].[PartCars] ([PartId], [CarId]) VALUES (127, 13)
INSERT [dbo].[PartCars] ([PartId], [CarId]) VALUES (10, 14)
INSERT [dbo].[PartCars] ([PartId], [CarId]) VALUES (36, 14)
INSERT [dbo].[PartCars] ([PartId], [CarId]) VALUES (94, 14)
INSERT [dbo].[PartCars] ([PartId], [CarId]) VALUES (120, 14)
INSERT [dbo].[PartCars] ([PartId], [CarId]) VALUES (15, 15)
INSERT [dbo].[PartCars] ([PartId], [CarId]) VALUES (36, 15)
INSERT [dbo].[PartCars] ([PartId], [CarId]) VALUES (62, 15)
INSERT [dbo].[PartCars] ([PartId], [CarId]) VALUES (62, 16)
INSERT [dbo].[PartCars] ([PartId], [CarId]) VALUES (87, 16)
INSERT [dbo].[PartCars] ([PartId], [CarId]) VALUES (109, 16)
INSERT [dbo].[PartCars] ([PartId], [CarId]) VALUES (3, 17)
INSERT [dbo].[PartCars] ([PartId], [CarId]) VALUES (29, 17)
INSERT [dbo].[PartCars] ([PartId], [CarId]) VALUES (50, 17)
INSERT [dbo].[PartCars] ([PartId], [CarId]) VALUES (76, 17)
INSERT [dbo].[PartCars] ([PartId], [CarId]) VALUES (17, 18)
INSERT [dbo].[PartCars] ([PartId], [CarId]) VALUES (54, 18)
INSERT [dbo].[PartCars] ([PartId], [CarId]) VALUES (101, 18)
INSERT [dbo].[PartCars] ([PartId], [CarId]) VALUES (127, 18)
INSERT [dbo].[PartCars] ([PartId], [CarId]) VALUES (43, 19)
INSERT [dbo].[PartCars] ([PartId], [CarId]) VALUES (68, 19)
INSERT [dbo].[PartCars] ([PartId], [CarId]) VALUES (90, 19)
INSERT [dbo].[PartCars] ([PartId], [CarId]) VALUES (115, 19)
INSERT [dbo].[PartCars] ([PartId], [CarId]) VALUES (127, 19)
INSERT [dbo].[PartCars] ([PartId], [CarId]) VALUES (10, 20)
INSERT [dbo].[PartCars] ([PartId], [CarId]) VALUES (94, 20)
INSERT [dbo].[PartCars] ([PartId], [CarId]) VALUES (115, 20)
INSERT [dbo].[PartCars] ([PartId], [CarId]) VALUES (36, 21)
INSERT [dbo].[PartCars] ([PartId], [CarId]) VALUES (57, 21)
INSERT [dbo].[PartCars] ([PartId], [CarId]) VALUES (36, 22)
INSERT [dbo].[PartCars] ([PartId], [CarId]) VALUES (83, 22)
INSERT [dbo].[PartCars] ([PartId], [CarId]) VALUES (130, 22)
INSERT [dbo].[PartCars] ([PartId], [CarId]) VALUES (3, 23)
INSERT [dbo].[PartCars] ([PartId], [CarId]) VALUES (24, 23)
INSERT [dbo].[PartCars] ([PartId], [CarId]) VALUES (108, 23)
INSERT [dbo].[PartCars] ([PartId], [CarId]) VALUES (130, 23)
INSERT [dbo].[PartCars] ([PartId], [CarId]) VALUES (3, 24)
INSERT [dbo].[PartCars] ([PartId], [CarId]) VALUES (50, 24)
INSERT [dbo].[PartCars] ([PartId], [CarId]) VALUES (50, 25)
INSERT [dbo].[PartCars] ([PartId], [CarId]) VALUES (75, 25)
INSERT [dbo].[PartCars] ([PartId], [CarId]) VALUES (97, 25)
INSERT [dbo].[PartCars] ([PartId], [CarId]) VALUES (122, 25)
INSERT [dbo].[PartCars] ([PartId], [CarId]) VALUES (17, 26)
INSERT [dbo].[PartCars] ([PartId], [CarId]) VALUES (38, 26)
INSERT [dbo].[PartCars] ([PartId], [CarId]) VALUES (122, 26)
INSERT [dbo].[PartCars] ([PartId], [CarId]) VALUES (42, 27)
INSERT [dbo].[PartCars] ([PartId], [CarId]) VALUES (64, 27)
INSERT [dbo].[PartCars] ([PartId], [CarId]) VALUES (5, 28)
INSERT [dbo].[PartCars] ([PartId], [CarId]) VALUES (42, 28)
INSERT [dbo].[PartCars] ([PartId], [CarId]) VALUES (89, 28)
INSERT [dbo].[PartCars] ([PartId], [CarId]) VALUES (5, 29)
INSERT [dbo].[PartCars] ([PartId], [CarId]) VALUES (31, 29)
INSERT [dbo].[PartCars] ([PartId], [CarId]) VALUES (115, 29)
INSERT [dbo].[PartCars] ([PartId], [CarId]) VALUES (31, 30)
INSERT [dbo].[PartCars] ([PartId], [CarId]) VALUES (57, 30)
INSERT [dbo].[PartCars] ([PartId], [CarId]) VALUES (78, 30)
INSERT [dbo].[PartCars] ([PartId], [CarId]) VALUES (57, 31)
INSERT [dbo].[PartCars] ([PartId], [CarId]) VALUES (82, 31)
GO
INSERT [dbo].[PartCars] ([PartId], [CarId]) VALUES (104, 31)
INSERT [dbo].[PartCars] ([PartId], [CarId]) VALUES (24, 32)
INSERT [dbo].[PartCars] ([PartId], [CarId]) VALUES (45, 32)
INSERT [dbo].[PartCars] ([PartId], [CarId]) VALUES (82, 32)
INSERT [dbo].[PartCars] ([PartId], [CarId]) VALUES (129, 32)
INSERT [dbo].[PartCars] ([PartId], [CarId]) VALUES (24, 33)
INSERT [dbo].[PartCars] ([PartId], [CarId]) VALUES (71, 33)
INSERT [dbo].[PartCars] ([PartId], [CarId]) VALUES (118, 33)
INSERT [dbo].[PartCars] ([PartId], [CarId]) VALUES (12, 34)
INSERT [dbo].[PartCars] ([PartId], [CarId]) VALUES (96, 34)
INSERT [dbo].[PartCars] ([PartId], [CarId]) VALUES (118, 34)
INSERT [dbo].[PartCars] ([PartId], [CarId]) VALUES (12, 35)
INSERT [dbo].[PartCars] ([PartId], [CarId]) VALUES (38, 35)
INSERT [dbo].[PartCars] ([PartId], [CarId]) VALUES (122, 35)
INSERT [dbo].[PartCars] ([PartId], [CarId]) VALUES (38, 36)
INSERT [dbo].[PartCars] ([PartId], [CarId]) VALUES (63, 36)
INSERT [dbo].[PartCars] ([PartId], [CarId]) VALUES (85, 36)
INSERT [dbo].[PartCars] ([PartId], [CarId]) VALUES (26, 37)
INSERT [dbo].[PartCars] ([PartId], [CarId]) VALUES (63, 37)
INSERT [dbo].[PartCars] ([PartId], [CarId]) VALUES (110, 37)
INSERT [dbo].[PartCars] ([PartId], [CarId]) VALUES (5, 38)
INSERT [dbo].[PartCars] ([PartId], [CarId]) VALUES (26, 38)
INSERT [dbo].[PartCars] ([PartId], [CarId]) VALUES (52, 38)
INSERT [dbo].[PartCars] ([PartId], [CarId]) VALUES (31, 39)
INSERT [dbo].[PartCars] ([PartId], [CarId]) VALUES (52, 39)
INSERT [dbo].[PartCars] ([PartId], [CarId]) VALUES (78, 39)
INSERT [dbo].[PartCars] ([PartId], [CarId]) VALUES (19, 40)
INSERT [dbo].[PartCars] ([PartId], [CarId]) VALUES (78, 40)
INSERT [dbo].[PartCars] ([PartId], [CarId]) VALUES (103, 40)
INSERT [dbo].[PartCars] ([PartId], [CarId]) VALUES (125, 40)
INSERT [dbo].[PartCars] ([PartId], [CarId]) VALUES (19, 41)
INSERT [dbo].[PartCars] ([PartId], [CarId]) VALUES (45, 41)
INSERT [dbo].[PartCars] ([PartId], [CarId]) VALUES (66, 41)
INSERT [dbo].[PartCars] ([PartId], [CarId]) VALUES (45, 42)
INSERT [dbo].[PartCars] ([PartId], [CarId]) VALUES (70, 42)
INSERT [dbo].[PartCars] ([PartId], [CarId]) VALUES (92, 42)
INSERT [dbo].[PartCars] ([PartId], [CarId]) VALUES (12, 43)
INSERT [dbo].[PartCars] ([PartId], [CarId]) VALUES (33, 43)
INSERT [dbo].[PartCars] ([PartId], [CarId]) VALUES (70, 43)
INSERT [dbo].[PartCars] ([PartId], [CarId]) VALUES (117, 43)
INSERT [dbo].[PartCars] ([PartId], [CarId]) VALUES (12, 44)
INSERT [dbo].[PartCars] ([PartId], [CarId]) VALUES (59, 44)
INSERT [dbo].[PartCars] ([PartId], [CarId]) VALUES (106, 44)
INSERT [dbo].[PartCars] ([PartId], [CarId]) VALUES (84, 45)
INSERT [dbo].[PartCars] ([PartId], [CarId]) VALUES (106, 45)
INSERT [dbo].[PartCars] ([PartId], [CarId]) VALUES (110, 45)
INSERT [dbo].[PartCars] ([PartId], [CarId]) VALUES (131, 45)
INSERT [dbo].[PartCars] ([PartId], [CarId]) VALUES (26, 46)
INSERT [dbo].[PartCars] ([PartId], [CarId]) VALUES (73, 46)
INSERT [dbo].[PartCars] ([PartId], [CarId]) VALUES (110, 46)
INSERT [dbo].[PartCars] ([PartId], [CarId]) VALUES (15, 47)
INSERT [dbo].[PartCars] ([PartId], [CarId]) VALUES (52, 47)
INSERT [dbo].[PartCars] ([PartId], [CarId]) VALUES (73, 47)
INSERT [dbo].[PartCars] ([PartId], [CarId]) VALUES (99, 47)
INSERT [dbo].[PartCars] ([PartId], [CarId]) VALUES (15, 48)
INSERT [dbo].[PartCars] ([PartId], [CarId]) VALUES (40, 48)
INSERT [dbo].[PartCars] ([PartId], [CarId]) VALUES (124, 48)
INSERT [dbo].[PartCars] ([PartId], [CarId]) VALUES (19, 49)
INSERT [dbo].[PartCars] ([PartId], [CarId]) VALUES (40, 49)
INSERT [dbo].[PartCars] ([PartId], [CarId]) VALUES (66, 49)
INSERT [dbo].[PartCars] ([PartId], [CarId]) VALUES (113, 49)
INSERT [dbo].[PartCars] ([PartId], [CarId]) VALUES (7, 50)
INSERT [dbo].[PartCars] ([PartId], [CarId]) VALUES (33, 50)
INSERT [dbo].[PartCars] ([PartId], [CarId]) VALUES (54, 50)
INSERT [dbo].[PartCars] ([PartId], [CarId]) VALUES (91, 50)
INSERT [dbo].[PartCars] ([PartId], [CarId]) VALUES (113, 50)
INSERT [dbo].[PartCars] ([PartId], [CarId]) VALUES (33, 51)
INSERT [dbo].[PartCars] ([PartId], [CarId]) VALUES (80, 51)
INSERT [dbo].[PartCars] ([PartId], [CarId]) VALUES (21, 52)
INSERT [dbo].[PartCars] ([PartId], [CarId]) VALUES (58, 52)
INSERT [dbo].[PartCars] ([PartId], [CarId]) VALUES (105, 52)
INSERT [dbo].[PartCars] ([PartId], [CarId]) VALUES (47, 53)
INSERT [dbo].[PartCars] ([PartId], [CarId]) VALUES (131, 53)
INSERT [dbo].[PartCars] ([PartId], [CarId]) VALUES (73, 54)
INSERT [dbo].[PartCars] ([PartId], [CarId]) VALUES (94, 54)
INSERT [dbo].[PartCars] ([PartId], [CarId]) VALUES (120, 54)
INSERT [dbo].[PartCars] ([PartId], [CarId]) VALUES (14, 55)
INSERT [dbo].[PartCars] ([PartId], [CarId]) VALUES (40, 55)
INSERT [dbo].[PartCars] ([PartId], [CarId]) VALUES (61, 55)
INSERT [dbo].[PartCars] ([PartId], [CarId]) VALUES (98, 55)
INSERT [dbo].[PartCars] ([PartId], [CarId]) VALUES (120, 55)
INSERT [dbo].[PartCars] ([PartId], [CarId]) VALUES (3, 56)
INSERT [dbo].[PartCars] ([PartId], [CarId]) VALUES (40, 56)
INSERT [dbo].[PartCars] ([PartId], [CarId]) VALUES (87, 56)
INSERT [dbo].[PartCars] ([PartId], [CarId]) VALUES (7, 57)
INSERT [dbo].[PartCars] ([PartId], [CarId]) VALUES (28, 57)
INSERT [dbo].[PartCars] ([PartId], [CarId]) VALUES (112, 57)
INSERT [dbo].[PartCars] ([PartId], [CarId]) VALUES (7, 58)
INSERT [dbo].[PartCars] ([PartId], [CarId]) VALUES (54, 58)
INSERT [dbo].[PartCars] ([PartId], [CarId]) VALUES (101, 58)
INSERT [dbo].[PartCars] ([PartId], [CarId]) VALUES (42, 59)
INSERT [dbo].[PartCars] ([PartId], [CarId]) VALUES (79, 59)
INSERT [dbo].[PartCars] ([PartId], [CarId]) VALUES (101, 59)
INSERT [dbo].[PartCars] ([PartId], [CarId]) VALUES (126, 59)
INSERT [dbo].[PartCars] ([PartId], [CarId]) VALUES (21, 60)
INSERT [dbo].[PartCars] ([PartId], [CarId]) VALUES (47, 60)
INSERT [dbo].[PartCars] ([PartId], [CarId]) VALUES (68, 60)
INSERT [dbo].[PartCars] ([PartId], [CarId]) VALUES (10, 61)
INSERT [dbo].[PartCars] ([PartId], [CarId]) VALUES (94, 61)
INSERT [dbo].[PartCars] ([PartId], [CarId]) VALUES (35, 62)
GO
INSERT [dbo].[PartCars] ([PartId], [CarId]) VALUES (119, 62)
INSERT [dbo].[PartCars] ([PartId], [CarId]) VALUES (61, 63)
INSERT [dbo].[PartCars] ([PartId], [CarId]) VALUES (82, 63)
INSERT [dbo].[PartCars] ([PartId], [CarId]) VALUES (108, 63)
INSERT [dbo].[PartCars] ([PartId], [CarId]) VALUES (2, 64)
INSERT [dbo].[PartCars] ([PartId], [CarId]) VALUES (28, 64)
INSERT [dbo].[PartCars] ([PartId], [CarId]) VALUES (49, 64)
INSERT [dbo].[PartCars] ([PartId], [CarId]) VALUES (86, 64)
INSERT [dbo].[PartCars] ([PartId], [CarId]) VALUES (108, 64)
INSERT [dbo].[PartCars] ([PartId], [CarId]) VALUES (28, 65)
INSERT [dbo].[PartCars] ([PartId], [CarId]) VALUES (75, 65)
INSERT [dbo].[PartCars] ([PartId], [CarId]) VALUES (122, 65)
INSERT [dbo].[PartCars] ([PartId], [CarId]) VALUES (16, 66)
INSERT [dbo].[PartCars] ([PartId], [CarId]) VALUES (42, 66)
INSERT [dbo].[PartCars] ([PartId], [CarId]) VALUES (100, 66)
INSERT [dbo].[PartCars] ([PartId], [CarId]) VALUES (122, 66)
INSERT [dbo].[PartCars] ([PartId], [CarId]) VALUES (126, 66)
INSERT [dbo].[PartCars] ([PartId], [CarId]) VALUES (42, 67)
INSERT [dbo].[PartCars] ([PartId], [CarId]) VALUES (68, 67)
INSERT [dbo].[PartCars] ([PartId], [CarId]) VALUES (89, 67)
INSERT [dbo].[PartCars] ([PartId], [CarId]) VALUES (115, 67)
INSERT [dbo].[PartCars] ([PartId], [CarId]) VALUES (9, 68)
INSERT [dbo].[PartCars] ([PartId], [CarId]) VALUES (31, 68)
INSERT [dbo].[PartCars] ([PartId], [CarId]) VALUES (56, 68)
INSERT [dbo].[PartCars] ([PartId], [CarId]) VALUES (115, 68)
INSERT [dbo].[PartCars] ([PartId], [CarId]) VALUES (35, 69)
INSERT [dbo].[PartCars] ([PartId], [CarId]) VALUES (82, 69)
INSERT [dbo].[PartCars] ([PartId], [CarId]) VALUES (129, 69)
INSERT [dbo].[PartCars] ([PartId], [CarId]) VALUES (23, 70)
INSERT [dbo].[PartCars] ([PartId], [CarId]) VALUES (70, 70)
INSERT [dbo].[PartCars] ([PartId], [CarId]) VALUES (107, 70)
INSERT [dbo].[PartCars] ([PartId], [CarId]) VALUES (129, 70)
INSERT [dbo].[PartCars] ([PartId], [CarId]) VALUES (49, 71)
INSERT [dbo].[PartCars] ([PartId], [CarId]) VALUES (74, 71)
INSERT [dbo].[PartCars] ([PartId], [CarId]) VALUES (96, 71)
INSERT [dbo].[PartCars] ([PartId], [CarId]) VALUES (16, 72)
INSERT [dbo].[PartCars] ([PartId], [CarId]) VALUES (37, 72)
INSERT [dbo].[PartCars] ([PartId], [CarId]) VALUES (74, 72)
INSERT [dbo].[PartCars] ([PartId], [CarId]) VALUES (121, 72)
INSERT [dbo].[PartCars] ([PartId], [CarId]) VALUES (63, 73)
INSERT [dbo].[PartCars] ([PartId], [CarId]) VALUES (110, 73)
INSERT [dbo].[PartCars] ([PartId], [CarId]) VALUES (5, 74)
INSERT [dbo].[PartCars] ([PartId], [CarId]) VALUES (30, 74)
INSERT [dbo].[PartCars] ([PartId], [CarId]) VALUES (89, 74)
INSERT [dbo].[PartCars] ([PartId], [CarId]) VALUES (110, 74)
INSERT [dbo].[PartCars] ([PartId], [CarId]) VALUES (114, 74)
INSERT [dbo].[PartCars] ([PartId], [CarId]) VALUES (56, 75)
INSERT [dbo].[PartCars] ([PartId], [CarId]) VALUES (77, 75)
INSERT [dbo].[PartCars] ([PartId], [CarId]) VALUES (103, 75)
INSERT [dbo].[PartCars] ([PartId], [CarId]) VALUES (19, 76)
INSERT [dbo].[PartCars] ([PartId], [CarId]) VALUES (103, 76)
INSERT [dbo].[PartCars] ([PartId], [CarId]) VALUES (128, 76)
INSERT [dbo].[PartCars] ([PartId], [CarId]) VALUES (23, 77)
INSERT [dbo].[PartCars] ([PartId], [CarId]) VALUES (44, 77)
INSERT [dbo].[PartCars] ([PartId], [CarId]) VALUES (70, 77)
INSERT [dbo].[PartCars] ([PartId], [CarId]) VALUES (128, 77)
INSERT [dbo].[PartCars] ([PartId], [CarId]) VALUES (70, 78)
INSERT [dbo].[PartCars] ([PartId], [CarId]) VALUES (95, 78)
INSERT [dbo].[PartCars] ([PartId], [CarId]) VALUES (117, 78)
INSERT [dbo].[PartCars] ([PartId], [CarId]) VALUES (11, 79)
INSERT [dbo].[PartCars] ([PartId], [CarId]) VALUES (58, 79)
INSERT [dbo].[PartCars] ([PartId], [CarId]) VALUES (95, 79)
INSERT [dbo].[PartCars] ([PartId], [CarId]) VALUES (37, 80)
INSERT [dbo].[PartCars] ([PartId], [CarId]) VALUES (63, 80)
INSERT [dbo].[PartCars] ([PartId], [CarId]) VALUES (84, 80)
INSERT [dbo].[PartCars] ([PartId], [CarId]) VALUES (26, 81)
INSERT [dbo].[PartCars] ([PartId], [CarId]) VALUES (63, 81)
INSERT [dbo].[PartCars] ([PartId], [CarId]) VALUES (110, 81)
INSERT [dbo].[PartCars] ([PartId], [CarId]) VALUES (4, 82)
INSERT [dbo].[PartCars] ([PartId], [CarId]) VALUES (26, 82)
INSERT [dbo].[PartCars] ([PartId], [CarId]) VALUES (51, 82)
INSERT [dbo].[PartCars] ([PartId], [CarId]) VALUES (51, 83)
INSERT [dbo].[PartCars] ([PartId], [CarId]) VALUES (77, 83)
INSERT [dbo].[PartCars] ([PartId], [CarId]) VALUES (98, 83)
INSERT [dbo].[PartCars] ([PartId], [CarId]) VALUES (18, 84)
INSERT [dbo].[PartCars] ([PartId], [CarId]) VALUES (65, 84)
INSERT [dbo].[PartCars] ([PartId], [CarId]) VALUES (102, 84)
INSERT [dbo].[PartCars] ([PartId], [CarId]) VALUES (124, 84)
INSERT [dbo].[PartCars] ([PartId], [CarId]) VALUES (44, 85)
INSERT [dbo].[PartCars] ([PartId], [CarId]) VALUES (65, 85)
INSERT [dbo].[PartCars] ([PartId], [CarId]) VALUES (91, 85)
INSERT [dbo].[PartCars] ([PartId], [CarId]) VALUES (7, 86)
INSERT [dbo].[PartCars] ([PartId], [CarId]) VALUES (32, 86)
INSERT [dbo].[PartCars] ([PartId], [CarId]) VALUES (91, 86)
INSERT [dbo].[PartCars] ([PartId], [CarId]) VALUES (116, 86)
INSERT [dbo].[PartCars] ([PartId], [CarId]) VALUES (11, 87)
INSERT [dbo].[PartCars] ([PartId], [CarId]) VALUES (32, 87)
INSERT [dbo].[PartCars] ([PartId], [CarId]) VALUES (58, 87)
INSERT [dbo].[PartCars] ([PartId], [CarId]) VALUES (58, 88)
INSERT [dbo].[PartCars] ([PartId], [CarId]) VALUES (84, 88)
INSERT [dbo].[PartCars] ([PartId], [CarId]) VALUES (105, 88)
INSERT [dbo].[PartCars] ([PartId], [CarId]) VALUES (47, 89)
INSERT [dbo].[PartCars] ([PartId], [CarId]) VALUES (84, 89)
INSERT [dbo].[PartCars] ([PartId], [CarId]) VALUES (131, 89)
INSERT [dbo].[PartCars] ([PartId], [CarId]) VALUES (25, 90)
INSERT [dbo].[PartCars] ([PartId], [CarId]) VALUES (47, 90)
INSERT [dbo].[PartCars] ([PartId], [CarId]) VALUES (72, 90)
INSERT [dbo].[PartCars] ([PartId], [CarId]) VALUES (51, 91)
INSERT [dbo].[PartCars] ([PartId], [CarId]) VALUES (72, 91)
INSERT [dbo].[PartCars] ([PartId], [CarId]) VALUES (98, 91)
GO
INSERT [dbo].[PartCars] ([PartId], [CarId]) VALUES (14, 92)
INSERT [dbo].[PartCars] ([PartId], [CarId]) VALUES (39, 92)
INSERT [dbo].[PartCars] ([PartId], [CarId]) VALUES (98, 92)
INSERT [dbo].[PartCars] ([PartId], [CarId]) VALUES (123, 92)
INSERT [dbo].[PartCars] ([PartId], [CarId]) VALUES (39, 93)
INSERT [dbo].[PartCars] ([PartId], [CarId]) VALUES (65, 93)
INSERT [dbo].[PartCars] ([PartId], [CarId]) VALUES (86, 93)
INSERT [dbo].[PartCars] ([PartId], [CarId]) VALUES (6, 94)
INSERT [dbo].[PartCars] ([PartId], [CarId]) VALUES (53, 94)
INSERT [dbo].[PartCars] ([PartId], [CarId]) VALUES (65, 94)
INSERT [dbo].[PartCars] ([PartId], [CarId]) VALUES (90, 94)
INSERT [dbo].[PartCars] ([PartId], [CarId]) VALUES (112, 94)
INSERT [dbo].[PartCars] ([PartId], [CarId]) VALUES (32, 95)
INSERT [dbo].[PartCars] ([PartId], [CarId]) VALUES (53, 95)
INSERT [dbo].[PartCars] ([PartId], [CarId]) VALUES (79, 95)
INSERT [dbo].[PartCars] ([PartId], [CarId]) VALUES (79, 96)
INSERT [dbo].[PartCars] ([PartId], [CarId]) VALUES (105, 96)
INSERT [dbo].[PartCars] ([PartId], [CarId]) VALUES (126, 96)
INSERT [dbo].[PartCars] ([PartId], [CarId]) VALUES (21, 97)
INSERT [dbo].[PartCars] ([PartId], [CarId]) VALUES (46, 97)
INSERT [dbo].[PartCars] ([PartId], [CarId]) VALUES (105, 97)
INSERT [dbo].[PartCars] ([PartId], [CarId]) VALUES (130, 97)
INSERT [dbo].[PartCars] ([PartId], [CarId]) VALUES (46, 98)
INSERT [dbo].[PartCars] ([PartId], [CarId]) VALUES (72, 98)
INSERT [dbo].[PartCars] ([PartId], [CarId]) VALUES (93, 98)
INSERT [dbo].[PartCars] ([PartId], [CarId]) VALUES (35, 99)
INSERT [dbo].[PartCars] ([PartId], [CarId]) VALUES (72, 99)
INSERT [dbo].[PartCars] ([PartId], [CarId]) VALUES (119, 99)
INSERT [dbo].[PartCars] ([PartId], [CarId]) VALUES (13, 100)
INSERT [dbo].[PartCars] ([PartId], [CarId]) VALUES (35, 100)
INSERT [dbo].[PartCars] ([PartId], [CarId]) VALUES (60, 100)
INSERT [dbo].[PartCars] ([PartId], [CarId]) VALUES (39, 101)
INSERT [dbo].[PartCars] ([PartId], [CarId]) VALUES (60, 101)
INSERT [dbo].[PartCars] ([PartId], [CarId]) VALUES (86, 101)
INSERT [dbo].[PartCars] ([PartId], [CarId]) VALUES (2, 102)
INSERT [dbo].[PartCars] ([PartId], [CarId]) VALUES (27, 102)
INSERT [dbo].[PartCars] ([PartId], [CarId]) VALUES (111, 102)
INSERT [dbo].[PartCars] ([PartId], [CarId]) VALUES (27, 103)
INSERT [dbo].[PartCars] ([PartId], [CarId]) VALUES (53, 103)
INSERT [dbo].[PartCars] ([PartId], [CarId]) VALUES (74, 103)
INSERT [dbo].[PartCars] ([PartId], [CarId]) VALUES (100, 103)
INSERT [dbo].[PartCars] ([PartId], [CarId]) VALUES (79, 104)
INSERT [dbo].[PartCars] ([PartId], [CarId]) VALUES (100, 104)
INSERT [dbo].[PartCars] ([PartId], [CarId]) VALUES (126, 104)
INSERT [dbo].[PartCars] ([PartId], [CarId]) VALUES (20, 105)
INSERT [dbo].[PartCars] ([PartId], [CarId]) VALUES (42, 105)
INSERT [dbo].[PartCars] ([PartId], [CarId]) VALUES (67, 105)
INSERT [dbo].[PartCars] ([PartId], [CarId]) VALUES (126, 105)
INSERT [dbo].[PartCars] ([PartId], [CarId]) VALUES (9, 106)
INSERT [dbo].[PartCars] ([PartId], [CarId]) VALUES (67, 106)
INSERT [dbo].[PartCars] ([PartId], [CarId]) VALUES (93, 106)
INSERT [dbo].[PartCars] ([PartId], [CarId]) VALUES (114, 106)
INSERT [dbo].[PartCars] ([PartId], [CarId]) VALUES (9, 107)
INSERT [dbo].[PartCars] ([PartId], [CarId]) VALUES (118, 107)
INSERT [dbo].[PartCars] ([PartId], [CarId]) VALUES (34, 108)
INSERT [dbo].[PartCars] ([PartId], [CarId]) VALUES (60, 108)
INSERT [dbo].[PartCars] ([PartId], [CarId]) VALUES (81, 108)
INSERT [dbo].[PartCars] ([PartId], [CarId]) VALUES (1, 109)
INSERT [dbo].[PartCars] ([PartId], [CarId]) VALUES (23, 109)
INSERT [dbo].[PartCars] ([PartId], [CarId]) VALUES (60, 109)
INSERT [dbo].[PartCars] ([PartId], [CarId]) VALUES (107, 109)
INSERT [dbo].[PartCars] ([PartId], [CarId]) VALUES (1, 110)
INSERT [dbo].[PartCars] ([PartId], [CarId]) VALUES (48, 110)
INSERT [dbo].[PartCars] ([PartId], [CarId]) VALUES (27, 111)
INSERT [dbo].[PartCars] ([PartId], [CarId]) VALUES (48, 111)
INSERT [dbo].[PartCars] ([PartId], [CarId]) VALUES (74, 111)
INSERT [dbo].[PartCars] ([PartId], [CarId]) VALUES (121, 111)
INSERT [dbo].[PartCars] ([PartId], [CarId]) VALUES (16, 112)
INSERT [dbo].[PartCars] ([PartId], [CarId]) VALUES (63, 112)
INSERT [dbo].[PartCars] ([PartId], [CarId]) VALUES (100, 112)
INSERT [dbo].[PartCars] ([PartId], [CarId]) VALUES (121, 112)
INSERT [dbo].[PartCars] ([PartId], [CarId]) VALUES (41, 113)
INSERT [dbo].[PartCars] ([PartId], [CarId]) VALUES (63, 113)
INSERT [dbo].[PartCars] ([PartId], [CarId]) VALUES (88, 113)
INSERT [dbo].[PartCars] ([PartId], [CarId]) VALUES (30, 114)
INSERT [dbo].[PartCars] ([PartId], [CarId]) VALUES (67, 114)
INSERT [dbo].[PartCars] ([PartId], [CarId]) VALUES (114, 114)
INSERT [dbo].[PartCars] ([PartId], [CarId]) VALUES (8, 115)
INSERT [dbo].[PartCars] ([PartId], [CarId]) VALUES (30, 115)
INSERT [dbo].[PartCars] ([PartId], [CarId]) VALUES (55, 115)
INSERT [dbo].[PartCars] ([PartId], [CarId]) VALUES (55, 116)
INSERT [dbo].[PartCars] ([PartId], [CarId]) VALUES (81, 116)
INSERT [dbo].[PartCars] ([PartId], [CarId]) VALUES (102, 116)
INSERT [dbo].[PartCars] ([PartId], [CarId]) VALUES (22, 117)
INSERT [dbo].[PartCars] ([PartId], [CarId]) VALUES (81, 117)
INSERT [dbo].[PartCars] ([PartId], [CarId]) VALUES (106, 117)
INSERT [dbo].[PartCars] ([PartId], [CarId]) VALUES (128, 117)
INSERT [dbo].[PartCars] ([PartId], [CarId]) VALUES (22, 118)
INSERT [dbo].[PartCars] ([PartId], [CarId]) VALUES (69, 118)
INSERT [dbo].[PartCars] ([PartId], [CarId]) VALUES (11, 119)
INSERT [dbo].[PartCars] ([PartId], [CarId]) VALUES (48, 119)
INSERT [dbo].[PartCars] ([PartId], [CarId]) VALUES (69, 119)
INSERT [dbo].[PartCars] ([PartId], [CarId]) VALUES (95, 119)
INSERT [dbo].[PartCars] ([PartId], [CarId]) VALUES (11, 120)
INSERT [dbo].[PartCars] ([PartId], [CarId]) VALUES (121, 120)
INSERT [dbo].[PartCars] ([PartId], [CarId]) VALUES (15, 121)
INSERT [dbo].[PartCars] ([PartId], [CarId]) VALUES (37, 121)
INSERT [dbo].[PartCars] ([PartId], [CarId]) VALUES (62, 121)
INSERT [dbo].[PartCars] ([PartId], [CarId]) VALUES (121, 121)
INSERT [dbo].[PartCars] ([PartId], [CarId]) VALUES (4, 122)
GO
INSERT [dbo].[PartCars] ([PartId], [CarId]) VALUES (51, 122)
INSERT [dbo].[PartCars] ([PartId], [CarId]) VALUES (62, 122)
INSERT [dbo].[PartCars] ([PartId], [CarId]) VALUES (88, 122)
INSERT [dbo].[PartCars] ([PartId], [CarId]) VALUES (109, 122)
INSERT [dbo].[PartCars] ([PartId], [CarId]) VALUES (29, 123)
INSERT [dbo].[PartCars] ([PartId], [CarId]) VALUES (51, 123)
INSERT [dbo].[PartCars] ([PartId], [CarId]) VALUES (76, 123)
INSERT [dbo].[PartCars] ([PartId], [CarId]) VALUES (18, 124)
INSERT [dbo].[PartCars] ([PartId], [CarId]) VALUES (55, 124)
INSERT [dbo].[PartCars] ([PartId], [CarId]) VALUES (76, 124)
INSERT [dbo].[PartCars] ([PartId], [CarId]) VALUES (102, 124)
INSERT [dbo].[PartCars] ([PartId], [CarId]) VALUES (18, 125)
INSERT [dbo].[PartCars] ([PartId], [CarId]) VALUES (43, 125)
INSERT [dbo].[PartCars] ([PartId], [CarId]) VALUES (127, 125)
INSERT [dbo].[PartCars] ([PartId], [CarId]) VALUES (43, 126)
INSERT [dbo].[PartCars] ([PartId], [CarId]) VALUES (90, 126)
INSERT [dbo].[PartCars] ([PartId], [CarId]) VALUES (69, 127)
INSERT [dbo].[PartCars] ([PartId], [CarId]) VALUES (90, 127)
INSERT [dbo].[PartCars] ([PartId], [CarId]) VALUES (95, 127)
INSERT [dbo].[PartCars] ([PartId], [CarId]) VALUES (116, 127)
INSERT [dbo].[PartCars] ([PartId], [CarId]) VALUES (11, 128)
INSERT [dbo].[PartCars] ([PartId], [CarId]) VALUES (36, 128)
INSERT [dbo].[PartCars] ([PartId], [CarId]) VALUES (58, 128)
INSERT [dbo].[PartCars] ([PartId], [CarId]) VALUES (95, 128)
INSERT [dbo].[PartCars] ([PartId], [CarId]) VALUES (36, 129)
INSERT [dbo].[PartCars] ([PartId], [CarId]) VALUES (83, 129)
INSERT [dbo].[PartCars] ([PartId], [CarId]) VALUES (130, 129)
INSERT [dbo].[PartCars] ([PartId], [CarId]) VALUES (3, 130)
INSERT [dbo].[PartCars] ([PartId], [CarId]) VALUES (25, 130)
INSERT [dbo].[PartCars] ([PartId], [CarId]) VALUES (50, 130)
INSERT [dbo].[PartCars] ([PartId], [CarId]) VALUES (97, 130)
INSERT [dbo].[PartCars] ([PartId], [CarId]) VALUES (109, 130)
INSERT [dbo].[PartCars] ([PartId], [CarId]) VALUES (130, 130)
INSERT [dbo].[PartCars] ([PartId], [CarId]) VALUES (17, 131)
INSERT [dbo].[PartCars] ([PartId], [CarId]) VALUES (39, 131)
INSERT [dbo].[PartCars] ([PartId], [CarId]) VALUES (76, 131)
INSERT [dbo].[PartCars] ([PartId], [CarId]) VALUES (97, 131)
INSERT [dbo].[PartCars] ([PartId], [CarId]) VALUES (123, 131)
INSERT [dbo].[PartCars] ([PartId], [CarId]) VALUES (17, 132)
INSERT [dbo].[PartCars] ([PartId], [CarId]) VALUES (43, 132)
INSERT [dbo].[PartCars] ([PartId], [CarId]) VALUES (64, 132)
INSERT [dbo].[PartCars] ([PartId], [CarId]) VALUES (6, 133)
INSERT [dbo].[PartCars] ([PartId], [CarId]) VALUES (90, 133)
INSERT [dbo].[PartCars] ([PartId], [CarId]) VALUES (116, 133)
INSERT [dbo].[PartCars] ([PartId], [CarId]) VALUES (32, 134)
INSERT [dbo].[PartCars] ([PartId], [CarId]) VALUES (57, 134)
INSERT [dbo].[PartCars] ([PartId], [CarId]) VALUES (79, 134)
INSERT [dbo].[PartCars] ([PartId], [CarId]) VALUES (116, 134)
INSERT [dbo].[PartCars] ([PartId], [CarId]) VALUES (83, 135)
INSERT [dbo].[PartCars] ([PartId], [CarId]) VALUES (104, 135)
INSERT [dbo].[PartCars] ([PartId], [CarId]) VALUES (130, 135)
INSERT [dbo].[PartCars] ([PartId], [CarId]) VALUES (24, 136)
INSERT [dbo].[PartCars] ([PartId], [CarId]) VALUES (46, 136)
INSERT [dbo].[PartCars] ([PartId], [CarId]) VALUES (71, 136)
INSERT [dbo].[PartCars] ([PartId], [CarId]) VALUES (118, 136)
INSERT [dbo].[PartCars] ([PartId], [CarId]) VALUES (130, 136)
INSERT [dbo].[PartCars] ([PartId], [CarId]) VALUES (13, 137)
INSERT [dbo].[PartCars] ([PartId], [CarId]) VALUES (97, 137)
INSERT [dbo].[PartCars] ([PartId], [CarId]) VALUES (118, 137)
INSERT [dbo].[PartCars] ([PartId], [CarId]) VALUES (122, 137)
INSERT [dbo].[PartCars] ([PartId], [CarId]) VALUES (38, 138)
INSERT [dbo].[PartCars] ([PartId], [CarId]) VALUES (64, 138)
INSERT [dbo].[PartCars] ([PartId], [CarId]) VALUES (85, 138)
INSERT [dbo].[PartCars] ([PartId], [CarId]) VALUES (111, 138)
INSERT [dbo].[PartCars] ([PartId], [CarId]) VALUES (6, 139)
INSERT [dbo].[PartCars] ([PartId], [CarId]) VALUES (27, 139)
INSERT [dbo].[PartCars] ([PartId], [CarId]) VALUES (53, 139)
INSERT [dbo].[PartCars] ([PartId], [CarId]) VALUES (111, 139)
INSERT [dbo].[PartCars] ([PartId], [CarId]) VALUES (31, 140)
INSERT [dbo].[PartCars] ([PartId], [CarId]) VALUES (53, 140)
INSERT [dbo].[PartCars] ([PartId], [CarId]) VALUES (78, 140)
INSERT [dbo].[PartCars] ([PartId], [CarId]) VALUES (20, 141)
INSERT [dbo].[PartCars] ([PartId], [CarId]) VALUES (78, 141)
INSERT [dbo].[PartCars] ([PartId], [CarId]) VALUES (104, 141)
INSERT [dbo].[PartCars] ([PartId], [CarId]) VALUES (125, 141)
INSERT [dbo].[PartCars] ([PartId], [CarId]) VALUES (20, 142)
INSERT [dbo].[PartCars] ([PartId], [CarId]) VALUES (67, 142)
INSERT [dbo].[PartCars] ([PartId], [CarId]) VALUES (45, 143)
INSERT [dbo].[PartCars] ([PartId], [CarId]) VALUES (71, 143)
INSERT [dbo].[PartCars] ([PartId], [CarId]) VALUES (92, 143)
INSERT [dbo].[PartCars] ([PartId], [CarId]) VALUES (34, 144)
INSERT [dbo].[PartCars] ([PartId], [CarId]) VALUES (71, 144)
INSERT [dbo].[PartCars] ([PartId], [CarId]) VALUES (118, 144)
INSERT [dbo].[PartCars] ([PartId], [CarId]) VALUES (12, 145)
INSERT [dbo].[PartCars] ([PartId], [CarId]) VALUES (34, 145)
INSERT [dbo].[PartCars] ([PartId], [CarId]) VALUES (59, 145)
INSERT [dbo].[PartCars] ([PartId], [CarId]) VALUES (1, 146)
INSERT [dbo].[PartCars] ([PartId], [CarId]) VALUES (59, 146)
INSERT [dbo].[PartCars] ([PartId], [CarId]) VALUES (85, 146)
INSERT [dbo].[PartCars] ([PartId], [CarId]) VALUES (106, 146)
INSERT [dbo].[PartCars] ([PartId], [CarId]) VALUES (1, 147)
INSERT [dbo].[PartCars] ([PartId], [CarId]) VALUES (27, 147)
INSERT [dbo].[PartCars] ([PartId], [CarId]) VALUES (111, 147)
INSERT [dbo].[PartCars] ([PartId], [CarId]) VALUES (27, 148)
INSERT [dbo].[PartCars] ([PartId], [CarId]) VALUES (74, 148)
INSERT [dbo].[PartCars] ([PartId], [CarId]) VALUES (15, 149)
INSERT [dbo].[PartCars] ([PartId], [CarId]) VALUES (52, 149)
INSERT [dbo].[PartCars] ([PartId], [CarId]) VALUES (74, 149)
INSERT [dbo].[PartCars] ([PartId], [CarId]) VALUES (99, 149)
INSERT [dbo].[PartCars] ([PartId], [CarId]) VALUES (15, 150)
GO
INSERT [dbo].[PartCars] ([PartId], [CarId]) VALUES (125, 150)
INSERT [dbo].[PartCars] ([PartId], [CarId]) VALUES (19, 151)
INSERT [dbo].[PartCars] ([PartId], [CarId]) VALUES (41, 151)
INSERT [dbo].[PartCars] ([PartId], [CarId]) VALUES (66, 151)
INSERT [dbo].[PartCars] ([PartId], [CarId]) VALUES (125, 151)
INSERT [dbo].[PartCars] ([PartId], [CarId]) VALUES (8, 152)
INSERT [dbo].[PartCars] ([PartId], [CarId]) VALUES (66, 152)
INSERT [dbo].[PartCars] ([PartId], [CarId]) VALUES (92, 152)
INSERT [dbo].[PartCars] ([PartId], [CarId]) VALUES (113, 152)
INSERT [dbo].[PartCars] ([PartId], [CarId]) VALUES (8, 153)
INSERT [dbo].[PartCars] ([PartId], [CarId]) VALUES (55, 153)
INSERT [dbo].[PartCars] ([PartId], [CarId]) VALUES (33, 154)
INSERT [dbo].[PartCars] ([PartId], [CarId]) VALUES (55, 154)
INSERT [dbo].[PartCars] ([PartId], [CarId]) VALUES (80, 154)
INSERT [dbo].[PartCars] ([PartId], [CarId]) VALUES (22, 155)
INSERT [dbo].[PartCars] ([PartId], [CarId]) VALUES (59, 155)
INSERT [dbo].[PartCars] ([PartId], [CarId]) VALUES (106, 155)
INSERT [dbo].[PartCars] ([PartId], [CarId]) VALUES (1, 156)
INSERT [dbo].[PartCars] ([PartId], [CarId]) VALUES (22, 156)
INSERT [dbo].[PartCars] ([PartId], [CarId]) VALUES (95, 156)
INSERT [dbo].[PartCars] ([PartId], [CarId]) VALUES (73, 157)
INSERT [dbo].[PartCars] ([PartId], [CarId]) VALUES (95, 157)
INSERT [dbo].[PartCars] ([PartId], [CarId]) VALUES (120, 157)
INSERT [dbo].[PartCars] ([PartId], [CarId]) VALUES (15, 158)
INSERT [dbo].[PartCars] ([PartId], [CarId]) VALUES (62, 158)
INSERT [dbo].[PartCars] ([PartId], [CarId]) VALUES (99, 158)
INSERT [dbo].[PartCars] ([PartId], [CarId]) VALUES (120, 158)
INSERT [dbo].[PartCars] ([PartId], [CarId]) VALUES (40, 159)
INSERT [dbo].[PartCars] ([PartId], [CarId]) VALUES (62, 159)
INSERT [dbo].[PartCars] ([PartId], [CarId]) VALUES (87, 159)
INSERT [dbo].[PartCars] ([PartId], [CarId]) VALUES (3, 160)
INSERT [dbo].[PartCars] ([PartId], [CarId]) VALUES (29, 160)
INSERT [dbo].[PartCars] ([PartId], [CarId]) VALUES (113, 160)
INSERT [dbo].[PartCars] ([PartId], [CarId]) VALUES (7, 161)
INSERT [dbo].[PartCars] ([PartId], [CarId]) VALUES (29, 161)
INSERT [dbo].[PartCars] ([PartId], [CarId]) VALUES (54, 161)
INSERT [dbo].[PartCars] ([PartId], [CarId]) VALUES (54, 162)
INSERT [dbo].[PartCars] ([PartId], [CarId]) VALUES (80, 162)
INSERT [dbo].[PartCars] ([PartId], [CarId]) VALUES (101, 162)
INSERT [dbo].[PartCars] ([PartId], [CarId]) VALUES (22, 163)
INSERT [dbo].[PartCars] ([PartId], [CarId]) VALUES (43, 163)
INSERT [dbo].[PartCars] ([PartId], [CarId]) VALUES (80, 163)
INSERT [dbo].[PartCars] ([PartId], [CarId]) VALUES (127, 163)
INSERT [dbo].[PartCars] ([PartId], [CarId]) VALUES (22, 164)
INSERT [dbo].[PartCars] ([PartId], [CarId]) VALUES (69, 164)
INSERT [dbo].[PartCars] ([PartId], [CarId]) VALUES (10, 165)
INSERT [dbo].[PartCars] ([PartId], [CarId]) VALUES (47, 165)
INSERT [dbo].[PartCars] ([PartId], [CarId]) VALUES (94, 165)
INSERT [dbo].[PartCars] ([PartId], [CarId]) VALUES (10, 166)
INSERT [dbo].[PartCars] ([PartId], [CarId]) VALUES (36, 166)
INSERT [dbo].[PartCars] ([PartId], [CarId]) VALUES (120, 166)
INSERT [dbo].[PartCars] ([PartId], [CarId]) VALUES (36, 167)
INSERT [dbo].[PartCars] ([PartId], [CarId]) VALUES (61, 167)
INSERT [dbo].[PartCars] ([PartId], [CarId]) VALUES (83, 167)
INSERT [dbo].[PartCars] ([PartId], [CarId]) VALUES (61, 168)
INSERT [dbo].[PartCars] ([PartId], [CarId]) VALUES (87, 168)
INSERT [dbo].[PartCars] ([PartId], [CarId]) VALUES (108, 168)
INSERT [dbo].[PartCars] ([PartId], [CarId]) VALUES (3, 169)
INSERT [dbo].[PartCars] ([PartId], [CarId]) VALUES (50, 169)
INSERT [dbo].[PartCars] ([PartId], [CarId]) VALUES (87, 169)
INSERT [dbo].[PartCars] ([PartId], [CarId]) VALUES (28, 170)
INSERT [dbo].[PartCars] ([PartId], [CarId]) VALUES (50, 170)
INSERT [dbo].[PartCars] ([PartId], [CarId]) VALUES (75, 170)
INSERT [dbo].[PartCars] ([PartId], [CarId]) VALUES (17, 171)
INSERT [dbo].[PartCars] ([PartId], [CarId]) VALUES (75, 171)
INSERT [dbo].[PartCars] ([PartId], [CarId]) VALUES (101, 171)
INSERT [dbo].[PartCars] ([PartId], [CarId]) VALUES (122, 171)
INSERT [dbo].[PartCars] ([PartId], [CarId]) VALUES (17, 172)
INSERT [dbo].[PartCars] ([PartId], [CarId]) VALUES (43, 172)
INSERT [dbo].[PartCars] ([PartId], [CarId]) VALUES (127, 172)
INSERT [dbo].[PartCars] ([PartId], [CarId]) VALUES (43, 173)
INSERT [dbo].[PartCars] ([PartId], [CarId]) VALUES (68, 173)
INSERT [dbo].[PartCars] ([PartId], [CarId]) VALUES (90, 173)
INSERT [dbo].[PartCars] ([PartId], [CarId]) VALUES (31, 174)
INSERT [dbo].[PartCars] ([PartId], [CarId]) VALUES (68, 174)
INSERT [dbo].[PartCars] ([PartId], [CarId]) VALUES (115, 174)
INSERT [dbo].[PartCars] ([PartId], [CarId]) VALUES (10, 175)
INSERT [dbo].[PartCars] ([PartId], [CarId]) VALUES (31, 175)
INSERT [dbo].[PartCars] ([PartId], [CarId]) VALUES (57, 175)
INSERT [dbo].[PartCars] ([PartId], [CarId]) VALUES (35, 176)
INSERT [dbo].[PartCars] ([PartId], [CarId]) VALUES (57, 176)
INSERT [dbo].[PartCars] ([PartId], [CarId]) VALUES (82, 176)
INSERT [dbo].[PartCars] ([PartId], [CarId]) VALUES (24, 177)
INSERT [dbo].[PartCars] ([PartId], [CarId]) VALUES (108, 177)
INSERT [dbo].[PartCars] ([PartId], [CarId]) VALUES (129, 177)
INSERT [dbo].[PartCars] ([PartId], [CarId]) VALUES (24, 178)
INSERT [dbo].[PartCars] ([PartId], [CarId]) VALUES (71, 178)
INSERT [dbo].[PartCars] ([PartId], [CarId]) VALUES (49, 179)
INSERT [dbo].[PartCars] ([PartId], [CarId]) VALUES (71, 179)
INSERT [dbo].[PartCars] ([PartId], [CarId]) VALUES (75, 179)
INSERT [dbo].[PartCars] ([PartId], [CarId]) VALUES (96, 179)
INSERT [dbo].[PartCars] ([PartId], [CarId]) VALUES (17, 180)
INSERT [dbo].[PartCars] ([PartId], [CarId]) VALUES (38, 180)
INSERT [dbo].[PartCars] ([PartId], [CarId]) VALUES (75, 180)
INSERT [dbo].[PartCars] ([PartId], [CarId]) VALUES (122, 180)
INSERT [dbo].[PartCars] ([PartId], [CarId]) VALUES (17, 181)
INSERT [dbo].[PartCars] ([PartId], [CarId]) VALUES (64, 181)
INSERT [dbo].[PartCars] ([PartId], [CarId]) VALUES (5, 182)
INSERT [dbo].[PartCars] ([PartId], [CarId]) VALUES (64, 182)
INSERT [dbo].[PartCars] ([PartId], [CarId]) VALUES (89, 182)
GO
INSERT [dbo].[PartCars] ([PartId], [CarId]) VALUES (111, 182)
INSERT [dbo].[PartCars] ([PartId], [CarId]) VALUES (5, 183)
INSERT [dbo].[PartCars] ([PartId], [CarId]) VALUES (115, 183)
INSERT [dbo].[PartCars] ([PartId], [CarId]) VALUES (31, 184)
INSERT [dbo].[PartCars] ([PartId], [CarId]) VALUES (56, 184)
INSERT [dbo].[PartCars] ([PartId], [CarId]) VALUES (78, 184)
INSERT [dbo].[PartCars] ([PartId], [CarId]) VALUES (115, 184)
INSERT [dbo].[PartCars] ([PartId], [CarId]) VALUES (19, 185)
INSERT [dbo].[PartCars] ([PartId], [CarId]) VALUES (56, 185)
INSERT [dbo].[PartCars] ([PartId], [CarId]) VALUES (103, 185)
INSERT [dbo].[PartCars] ([PartId], [CarId]) VALUES (45, 186)
INSERT [dbo].[PartCars] ([PartId], [CarId]) VALUES (129, 186)
INSERT [dbo].[PartCars] ([PartId], [CarId]) VALUES (23, 187)
INSERT [dbo].[PartCars] ([PartId], [CarId]) VALUES (45, 187)
INSERT [dbo].[PartCars] ([PartId], [CarId]) VALUES (70, 187)
INSERT [dbo].[PartCars] ([PartId], [CarId]) VALUES (12, 188)
INSERT [dbo].[PartCars] ([PartId], [CarId]) VALUES (70, 188)
INSERT [dbo].[PartCars] ([PartId], [CarId]) VALUES (96, 188)
INSERT [dbo].[PartCars] ([PartId], [CarId]) VALUES (117, 188)
INSERT [dbo].[PartCars] ([PartId], [CarId]) VALUES (12, 189)
INSERT [dbo].[PartCars] ([PartId], [CarId]) VALUES (38, 189)
INSERT [dbo].[PartCars] ([PartId], [CarId]) VALUES (59, 189)
INSERT [dbo].[PartCars] ([PartId], [CarId]) VALUES (38, 190)
INSERT [dbo].[PartCars] ([PartId], [CarId]) VALUES (85, 190)
INSERT [dbo].[PartCars] ([PartId], [CarId]) VALUES (26, 191)
INSERT [dbo].[PartCars] ([PartId], [CarId]) VALUES (63, 191)
INSERT [dbo].[PartCars] ([PartId], [CarId]) VALUES (85, 191)
INSERT [dbo].[PartCars] ([PartId], [CarId]) VALUES (110, 191)
INSERT [dbo].[PartCars] ([PartId], [CarId]) VALUES (5, 192)
INSERT [dbo].[PartCars] ([PartId], [CarId]) VALUES (26, 192)
INSERT [dbo].[PartCars] ([PartId], [CarId]) VALUES (52, 192)
INSERT [dbo].[PartCars] ([PartId], [CarId]) VALUES (52, 193)
INSERT [dbo].[PartCars] ([PartId], [CarId]) VALUES (77, 193)
INSERT [dbo].[PartCars] ([PartId], [CarId]) VALUES (99, 193)
INSERT [dbo].[PartCars] ([PartId], [CarId]) VALUES (19, 194)
INSERT [dbo].[PartCars] ([PartId], [CarId]) VALUES (77, 194)
INSERT [dbo].[PartCars] ([PartId], [CarId]) VALUES (103, 194)
INSERT [dbo].[PartCars] ([PartId], [CarId]) VALUES (124, 194)
INSERT [dbo].[PartCars] ([PartId], [CarId]) VALUES (19, 195)
INSERT [dbo].[PartCars] ([PartId], [CarId]) VALUES (66, 195)
INSERT [dbo].[PartCars] ([PartId], [CarId]) VALUES (7, 196)
INSERT [dbo].[PartCars] ([PartId], [CarId]) VALUES (44, 196)
INSERT [dbo].[PartCars] ([PartId], [CarId]) VALUES (66, 196)
INSERT [dbo].[PartCars] ([PartId], [CarId]) VALUES (91, 196)
INSERT [dbo].[PartCars] ([PartId], [CarId]) VALUES (7, 197)
INSERT [dbo].[PartCars] ([PartId], [CarId]) VALUES (117, 197)
INSERT [dbo].[PartCars] ([PartId], [CarId]) VALUES (12, 198)
INSERT [dbo].[PartCars] ([PartId], [CarId]) VALUES (33, 198)
INSERT [dbo].[PartCars] ([PartId], [CarId]) VALUES (59, 198)
INSERT [dbo].[PartCars] ([PartId], [CarId]) VALUES (117, 198)
INSERT [dbo].[PartCars] ([PartId], [CarId]) VALUES (59, 199)
INSERT [dbo].[PartCars] ([PartId], [CarId]) VALUES (84, 199)
INSERT [dbo].[PartCars] ([PartId], [CarId]) VALUES (106, 199)
INSERT [dbo].[PartCars] ([PartId], [CarId]) VALUES (26, 200)
INSERT [dbo].[PartCars] ([PartId], [CarId]) VALUES (47, 200)
INSERT [dbo].[PartCars] ([PartId], [CarId]) VALUES (73, 200)
INSERT [dbo].[PartCars] ([PartId], [CarId]) VALUES (131, 200)
INSERT [dbo].[PartCars] ([PartId], [CarId]) VALUES (51, 201)
INSERT [dbo].[PartCars] ([PartId], [CarId]) VALUES (73, 201)
INSERT [dbo].[PartCars] ([PartId], [CarId]) VALUES (98, 201)
INSERT [dbo].[PartCars] ([PartId], [CarId]) VALUES (14, 202)
INSERT [dbo].[PartCars] ([PartId], [CarId]) VALUES (40, 202)
INSERT [dbo].[PartCars] ([PartId], [CarId]) VALUES (98, 202)
INSERT [dbo].[PartCars] ([PartId], [CarId]) VALUES (124, 202)
INSERT [dbo].[PartCars] ([PartId], [CarId]) VALUES (40, 203)
INSERT [dbo].[PartCars] ([PartId], [CarId]) VALUES (65, 203)
INSERT [dbo].[PartCars] ([PartId], [CarId]) VALUES (87, 203)
INSERT [dbo].[PartCars] ([PartId], [CarId]) VALUES (65, 204)
INSERT [dbo].[PartCars] ([PartId], [CarId]) VALUES (91, 204)
INSERT [dbo].[PartCars] ([PartId], [CarId]) VALUES (112, 204)
INSERT [dbo].[PartCars] ([PartId], [CarId]) VALUES (7, 205)
INSERT [dbo].[PartCars] ([PartId], [CarId]) VALUES (33, 205)
INSERT [dbo].[PartCars] ([PartId], [CarId]) VALUES (54, 205)
INSERT [dbo].[PartCars] ([PartId], [CarId]) VALUES (33, 206)
INSERT [dbo].[PartCars] ([PartId], [CarId]) VALUES (80, 206)
INSERT [dbo].[PartCars] ([PartId], [CarId]) VALUES (127, 206)
INSERT [dbo].[PartCars] ([PartId], [CarId]) VALUES (21, 207)
INSERT [dbo].[PartCars] ([PartId], [CarId]) VALUES (47, 207)
INSERT [dbo].[PartCars] ([PartId], [CarId]) VALUES (105, 207)
INSERT [dbo].[PartCars] ([PartId], [CarId]) VALUES (127, 207)
INSERT [dbo].[PartCars] ([PartId], [CarId]) VALUES (131, 207)
INSERT [dbo].[PartCars] ([PartId], [CarId]) VALUES (47, 208)
INSERT [dbo].[PartCars] ([PartId], [CarId]) VALUES (72, 208)
INSERT [dbo].[PartCars] ([PartId], [CarId]) VALUES (94, 208)
INSERT [dbo].[PartCars] ([PartId], [CarId]) VALUES (35, 209)
INSERT [dbo].[PartCars] ([PartId], [CarId]) VALUES (72, 209)
INSERT [dbo].[PartCars] ([PartId], [CarId]) VALUES (119, 209)
INSERT [dbo].[PartCars] ([PartId], [CarId]) VALUES (14, 210)
INSERT [dbo].[PartCars] ([PartId], [CarId]) VALUES (35, 210)
INSERT [dbo].[PartCars] ([PartId], [CarId]) VALUES (61, 210)
INSERT [dbo].[PartCars] ([PartId], [CarId]) VALUES (39, 211)
INSERT [dbo].[PartCars] ([PartId], [CarId]) VALUES (61, 211)
INSERT [dbo].[PartCars] ([PartId], [CarId]) VALUES (86, 211)
INSERT [dbo].[PartCars] ([PartId], [CarId]) VALUES (2, 212)
INSERT [dbo].[PartCars] ([PartId], [CarId]) VALUES (28, 212)
INSERT [dbo].[PartCars] ([PartId], [CarId]) VALUES (86, 212)
INSERT [dbo].[PartCars] ([PartId], [CarId]) VALUES (112, 212)
INSERT [dbo].[PartCars] ([PartId], [CarId]) VALUES (28, 213)
INSERT [dbo].[PartCars] ([PartId], [CarId]) VALUES (75, 213)
INSERT [dbo].[PartCars] ([PartId], [CarId]) VALUES (54, 214)
GO
INSERT [dbo].[PartCars] ([PartId], [CarId]) VALUES (79, 214)
INSERT [dbo].[PartCars] ([PartId], [CarId]) VALUES (101, 214)
INSERT [dbo].[PartCars] ([PartId], [CarId]) VALUES (21, 215)
INSERT [dbo].[PartCars] ([PartId], [CarId]) VALUES (42, 215)
INSERT [dbo].[PartCars] ([PartId], [CarId]) VALUES (79, 215)
INSERT [dbo].[PartCars] ([PartId], [CarId]) VALUES (126, 215)
INSERT [dbo].[PartCars] ([PartId], [CarId]) VALUES (21, 216)
INSERT [dbo].[PartCars] ([PartId], [CarId]) VALUES (68, 216)
INSERT [dbo].[PartCars] ([PartId], [CarId]) VALUES (115, 216)
INSERT [dbo].[PartCars] ([PartId], [CarId]) VALUES (9, 217)
INSERT [dbo].[PartCars] ([PartId], [CarId]) VALUES (93, 217)
INSERT [dbo].[PartCars] ([PartId], [CarId]) VALUES (115, 217)
INSERT [dbo].[PartCars] ([PartId], [CarId]) VALUES (119, 217)
INSERT [dbo].[PartCars] ([PartId], [CarId]) VALUES (35, 218)
INSERT [dbo].[PartCars] ([PartId], [CarId]) VALUES (60, 218)
INSERT [dbo].[PartCars] ([PartId], [CarId]) VALUES (82, 218)
INSERT [dbo].[PartCars] ([PartId], [CarId]) VALUES (119, 218)
INSERT [dbo].[PartCars] ([PartId], [CarId]) VALUES (23, 219)
INSERT [dbo].[PartCars] ([PartId], [CarId]) VALUES (60, 219)
INSERT [dbo].[PartCars] ([PartId], [CarId]) VALUES (107, 219)
INSERT [dbo].[PartCars] ([PartId], [CarId]) VALUES (2, 220)
INSERT [dbo].[PartCars] ([PartId], [CarId]) VALUES (23, 220)
INSERT [dbo].[PartCars] ([PartId], [CarId]) VALUES (49, 220)
INSERT [dbo].[PartCars] ([PartId], [CarId]) VALUES (28, 221)
INSERT [dbo].[PartCars] ([PartId], [CarId]) VALUES (49, 221)
INSERT [dbo].[PartCars] ([PartId], [CarId]) VALUES (75, 221)
INSERT [dbo].[PartCars] ([PartId], [CarId]) VALUES (16, 222)
INSERT [dbo].[PartCars] ([PartId], [CarId]) VALUES (75, 222)
INSERT [dbo].[PartCars] ([PartId], [CarId]) VALUES (100, 222)
INSERT [dbo].[PartCars] ([PartId], [CarId]) VALUES (122, 222)
INSERT [dbo].[PartCars] ([PartId], [CarId]) VALUES (16, 223)
INSERT [dbo].[PartCars] ([PartId], [CarId]) VALUES (63, 223)
INSERT [dbo].[PartCars] ([PartId], [CarId]) VALUES (42, 224)
INSERT [dbo].[PartCars] ([PartId], [CarId]) VALUES (67, 224)
INSERT [dbo].[PartCars] ([PartId], [CarId]) VALUES (89, 224)
INSERT [dbo].[PartCars] ([PartId], [CarId]) VALUES (9, 225)
INSERT [dbo].[PartCars] ([PartId], [CarId]) VALUES (30, 225)
INSERT [dbo].[PartCars] ([PartId], [CarId]) VALUES (67, 225)
INSERT [dbo].[PartCars] ([PartId], [CarId]) VALUES (114, 225)
INSERT [dbo].[PartCars] ([PartId], [CarId]) VALUES (9, 226)
INSERT [dbo].[PartCars] ([PartId], [CarId]) VALUES (56, 226)
INSERT [dbo].[PartCars] ([PartId], [CarId]) VALUES (56, 227)
INSERT [dbo].[PartCars] ([PartId], [CarId]) VALUES (81, 227)
INSERT [dbo].[PartCars] ([PartId], [CarId]) VALUES (103, 227)
INSERT [dbo].[PartCars] ([PartId], [CarId]) VALUES (23, 228)
INSERT [dbo].[PartCars] ([PartId], [CarId]) VALUES (81, 228)
INSERT [dbo].[PartCars] ([PartId], [CarId]) VALUES (107, 228)
INSERT [dbo].[PartCars] ([PartId], [CarId]) VALUES (128, 228)
INSERT [dbo].[PartCars] ([PartId], [CarId]) VALUES (23, 229)
INSERT [dbo].[PartCars] ([PartId], [CarId]) VALUES (49, 229)
INSERT [dbo].[PartCars] ([PartId], [CarId]) VALUES (70, 229)
INSERT [dbo].[PartCars] ([PartId], [CarId]) VALUES (12, 230)
INSERT [dbo].[PartCars] ([PartId], [CarId]) VALUES (49, 230)
INSERT [dbo].[PartCars] ([PartId], [CarId]) VALUES (96, 230)
INSERT [dbo].[PartCars] ([PartId], [CarId]) VALUES (12, 231)
INSERT [dbo].[PartCars] ([PartId], [CarId]) VALUES (37, 231)
INSERT [dbo].[PartCars] ([PartId], [CarId]) VALUES (121, 231)
INSERT [dbo].[PartCars] ([PartId], [CarId]) VALUES (16, 232)
INSERT [dbo].[PartCars] ([PartId], [CarId]) VALUES (37, 232)
INSERT [dbo].[PartCars] ([PartId], [CarId]) VALUES (63, 232)
INSERT [dbo].[PartCars] ([PartId], [CarId]) VALUES (63, 233)
INSERT [dbo].[PartCars] ([PartId], [CarId]) VALUES (88, 233)
INSERT [dbo].[PartCars] ([PartId], [CarId]) VALUES (110, 233)
INSERT [dbo].[PartCars] ([PartId], [CarId]) VALUES (4, 234)
INSERT [dbo].[PartCars] ([PartId], [CarId]) VALUES (30, 234)
INSERT [dbo].[PartCars] ([PartId], [CarId]) VALUES (51, 234)
INSERT [dbo].[PartCars] ([PartId], [CarId]) VALUES (88, 234)
INSERT [dbo].[PartCars] ([PartId], [CarId]) VALUES (30, 235)
INSERT [dbo].[PartCars] ([PartId], [CarId]) VALUES (55, 235)
INSERT [dbo].[PartCars] ([PartId], [CarId]) VALUES (77, 235)
INSERT [dbo].[PartCars] ([PartId], [CarId]) VALUES (18, 236)
INSERT [dbo].[PartCars] ([PartId], [CarId]) VALUES (55, 236)
INSERT [dbo].[PartCars] ([PartId], [CarId]) VALUES (102, 236)
INSERT [dbo].[PartCars] ([PartId], [CarId]) VALUES (18, 237)
INSERT [dbo].[PartCars] ([PartId], [CarId]) VALUES (44, 237)
INSERT [dbo].[PartCars] ([PartId], [CarId]) VALUES (128, 237)
INSERT [dbo].[PartCars] ([PartId], [CarId]) VALUES (44, 238)
INSERT [dbo].[PartCars] ([PartId], [CarId]) VALUES (70, 238)
INSERT [dbo].[PartCars] ([PartId], [CarId]) VALUES (91, 238)
INSERT [dbo].[PartCars] ([PartId], [CarId]) VALUES (70, 239)
INSERT [dbo].[PartCars] ([PartId], [CarId]) VALUES (95, 239)
INSERT [dbo].[PartCars] ([PartId], [CarId]) VALUES (117, 239)
INSERT [dbo].[PartCars] ([PartId], [CarId]) VALUES (11, 240)
INSERT [dbo].[PartCars] ([PartId], [CarId]) VALUES (37, 240)
INSERT [dbo].[PartCars] ([PartId], [CarId]) VALUES (58, 240)
INSERT [dbo].[PartCars] ([PartId], [CarId]) VALUES (37, 241)
INSERT [dbo].[PartCars] ([PartId], [CarId]) VALUES (84, 241)
INSERT [dbo].[PartCars] ([PartId], [CarId]) VALUES (131, 241)
INSERT [dbo].[PartCars] ([PartId], [CarId]) VALUES (4, 242)
INSERT [dbo].[PartCars] ([PartId], [CarId]) VALUES (25, 242)
INSERT [dbo].[PartCars] ([PartId], [CarId]) VALUES (109, 242)
INSERT [dbo].[PartCars] ([PartId], [CarId]) VALUES (131, 242)
INSERT [dbo].[PartCars] ([PartId], [CarId]) VALUES (4, 243)
INSERT [dbo].[PartCars] ([PartId], [CarId]) VALUES (51, 243)
INSERT [dbo].[PartCars] ([PartId], [CarId]) VALUES (98, 243)
INSERT [dbo].[PartCars] ([PartId], [CarId]) VALUES (39, 244)
INSERT [dbo].[PartCars] ([PartId], [CarId]) VALUES (76, 244)
INSERT [dbo].[PartCars] ([PartId], [CarId]) VALUES (98, 244)
INSERT [dbo].[PartCars] ([PartId], [CarId]) VALUES (123, 244)
INSERT [dbo].[PartCars] ([PartId], [CarId]) VALUES (18, 245)
GO
INSERT [dbo].[PartCars] ([PartId], [CarId]) VALUES (39, 245)
INSERT [dbo].[PartCars] ([PartId], [CarId]) VALUES (65, 245)
INSERT [dbo].[PartCars] ([PartId], [CarId]) VALUES (44, 246)
INSERT [dbo].[PartCars] ([PartId], [CarId]) VALUES (65, 246)
INSERT [dbo].[PartCars] ([PartId], [CarId]) VALUES (91, 246)
INSERT [dbo].[PartCars] ([PartId], [CarId]) VALUES (7, 247)
INSERT [dbo].[PartCars] ([PartId], [CarId]) VALUES (91, 247)
INSERT [dbo].[PartCars] ([PartId], [CarId]) VALUES (116, 247)
INSERT [dbo].[PartCars] ([PartId], [CarId]) VALUES (32, 248)
INSERT [dbo].[PartCars] ([PartId], [CarId]) VALUES (58, 248)
INSERT [dbo].[PartCars] ([PartId], [CarId]) VALUES (79, 248)
INSERT [dbo].[PartCars] ([PartId], [CarId]) VALUES (105, 248)
INSERT [dbo].[PartCars] ([PartId], [CarId]) VALUES (116, 248)
INSERT [dbo].[PartCars] ([PartId], [CarId]) VALUES (46, 249)
INSERT [dbo].[PartCars] ([PartId], [CarId]) VALUES (83, 249)
INSERT [dbo].[PartCars] ([PartId], [CarId]) VALUES (105, 249)
INSERT [dbo].[PartCars] ([PartId], [CarId]) VALUES (130, 249)
INSERT [dbo].[PartCars] ([PartId], [CarId]) VALUES (25, 250)
INSERT [dbo].[PartCars] ([PartId], [CarId]) VALUES (46, 250)
INSERT [dbo].[PartCars] ([PartId], [CarId]) VALUES (72, 250)
INSERT [dbo].[PartCars] ([PartId], [CarId]) VALUES (72, 251)
INSERT [dbo].[PartCars] ([PartId], [CarId]) VALUES (97, 251)
INSERT [dbo].[PartCars] ([PartId], [CarId]) VALUES (119, 251)
INSERT [dbo].[PartCars] ([PartId], [CarId]) VALUES (13, 252)
INSERT [dbo].[PartCars] ([PartId], [CarId]) VALUES (39, 252)
INSERT [dbo].[PartCars] ([PartId], [CarId]) VALUES (97, 252)
INSERT [dbo].[PartCars] ([PartId], [CarId]) VALUES (123, 252)
INSERT [dbo].[PartCars] ([PartId], [CarId]) VALUES (39, 253)
INSERT [dbo].[PartCars] ([PartId], [CarId]) VALUES (65, 253)
INSERT [dbo].[PartCars] ([PartId], [CarId]) VALUES (86, 253)
INSERT [dbo].[PartCars] ([PartId], [CarId]) VALUES (28, 254)
INSERT [dbo].[PartCars] ([PartId], [CarId]) VALUES (65, 254)
INSERT [dbo].[PartCars] ([PartId], [CarId]) VALUES (112, 254)
INSERT [dbo].[PartCars] ([PartId], [CarId]) VALUES (6, 255)
INSERT [dbo].[PartCars] ([PartId], [CarId]) VALUES (53, 255)
INSERT [dbo].[PartCars] ([PartId], [CarId]) VALUES (32, 256)
INSERT [dbo].[PartCars] ([PartId], [CarId]) VALUES (79, 256)
INSERT [dbo].[PartCars] ([PartId], [CarId]) VALUES (126, 256)
INSERT [dbo].[PartCars] ([PartId], [CarId]) VALUES (20, 257)
INSERT [dbo].[PartCars] ([PartId], [CarId]) VALUES (104, 257)
INSERT [dbo].[PartCars] ([PartId], [CarId]) VALUES (126, 257)
INSERT [dbo].[PartCars] ([PartId], [CarId]) VALUES (20, 258)
INSERT [dbo].[PartCars] ([PartId], [CarId]) VALUES (46, 258)
INSERT [dbo].[PartCars] ([PartId], [CarId]) VALUES (67, 258)
INSERT [dbo].[PartCars] ([PartId], [CarId]) VALUES (46, 259)
INSERT [dbo].[PartCars] ([PartId], [CarId]) VALUES (71, 259)
INSERT [dbo].[PartCars] ([PartId], [CarId]) VALUES (93, 259)
INSERT [dbo].[PartCars] ([PartId], [CarId]) VALUES (34, 260)
INSERT [dbo].[PartCars] ([PartId], [CarId]) VALUES (71, 260)
INSERT [dbo].[PartCars] ([PartId], [CarId]) VALUES (118, 260)
INSERT [dbo].[PartCars] ([PartId], [CarId]) VALUES (13, 261)
INSERT [dbo].[PartCars] ([PartId], [CarId]) VALUES (60, 261)
INSERT [dbo].[PartCars] ([PartId], [CarId]) VALUES (2, 262)
INSERT [dbo].[PartCars] ([PartId], [CarId]) VALUES (86, 262)
INSERT [dbo].[PartCars] ([PartId], [CarId]) VALUES (107, 262)
INSERT [dbo].[PartCars] ([PartId], [CarId]) VALUES (2, 263)
INSERT [dbo].[PartCars] ([PartId], [CarId]) VALUES (111, 263)
INSERT [dbo].[PartCars] ([PartId], [CarId]) VALUES (27, 264)
INSERT [dbo].[PartCars] ([PartId], [CarId]) VALUES (53, 264)
INSERT [dbo].[PartCars] ([PartId], [CarId]) VALUES (74, 264)
INSERT [dbo].[PartCars] ([PartId], [CarId]) VALUES (100, 264)
INSERT [dbo].[PartCars] ([PartId], [CarId]) VALUES (111, 264)
INSERT [dbo].[PartCars] ([PartId], [CarId]) VALUES (16, 265)
INSERT [dbo].[PartCars] ([PartId], [CarId]) VALUES (100, 265)
INSERT [dbo].[PartCars] ([PartId], [CarId]) VALUES (125, 265)
INSERT [dbo].[PartCars] ([PartId], [CarId]) VALUES (20, 266)
INSERT [dbo].[PartCars] ([PartId], [CarId]) VALUES (41, 266)
INSERT [dbo].[PartCars] ([PartId], [CarId]) VALUES (67, 266)
INSERT [dbo].[PartCars] ([PartId], [CarId]) VALUES (125, 266)
INSERT [dbo].[PartCars] ([PartId], [CarId]) VALUES (67, 267)
INSERT [dbo].[PartCars] ([PartId], [CarId]) VALUES (92, 267)
INSERT [dbo].[PartCars] ([PartId], [CarId]) VALUES (114, 267)
INSERT [dbo].[PartCars] ([PartId], [CarId]) VALUES (8, 268)
INSERT [dbo].[PartCars] ([PartId], [CarId]) VALUES (34, 268)
INSERT [dbo].[PartCars] ([PartId], [CarId]) VALUES (55, 268)
INSERT [dbo].[PartCars] ([PartId], [CarId]) VALUES (92, 268)
INSERT [dbo].[PartCars] ([PartId], [CarId]) VALUES (34, 269)
INSERT [dbo].[PartCars] ([PartId], [CarId]) VALUES (60, 269)
INSERT [dbo].[PartCars] ([PartId], [CarId]) VALUES (81, 269)
INSERT [dbo].[PartCars] ([PartId], [CarId]) VALUES (23, 270)
INSERT [dbo].[PartCars] ([PartId], [CarId]) VALUES (60, 270)
INSERT [dbo].[PartCars] ([PartId], [CarId]) VALUES (107, 270)
INSERT [dbo].[PartCars] ([PartId], [CarId]) VALUES (1, 271)
INSERT [dbo].[PartCars] ([PartId], [CarId]) VALUES (23, 271)
INSERT [dbo].[PartCars] ([PartId], [CarId]) VALUES (48, 271)
INSERT [dbo].[PartCars] ([PartId], [CarId]) VALUES (48, 272)
INSERT [dbo].[PartCars] ([PartId], [CarId]) VALUES (74, 272)
INSERT [dbo].[PartCars] ([PartId], [CarId]) VALUES (95, 272)
INSERT [dbo].[PartCars] ([PartId], [CarId]) VALUES (15, 273)
INSERT [dbo].[PartCars] ([PartId], [CarId]) VALUES (62, 273)
INSERT [dbo].[PartCars] ([PartId], [CarId]) VALUES (99, 273)
INSERT [dbo].[PartCars] ([PartId], [CarId]) VALUES (121, 273)
INSERT [dbo].[PartCars] ([PartId], [CarId]) VALUES (41, 274)
INSERT [dbo].[PartCars] ([PartId], [CarId]) VALUES (62, 274)
INSERT [dbo].[PartCars] ([PartId], [CarId]) VALUES (88, 274)
INSERT [dbo].[PartCars] ([PartId], [CarId]) VALUES (4, 275)
INSERT [dbo].[PartCars] ([PartId], [CarId]) VALUES (29, 275)
INSERT [dbo].[PartCars] ([PartId], [CarId]) VALUES (113, 275)
INSERT [dbo].[PartCars] ([PartId], [CarId]) VALUES (8, 276)
INSERT [dbo].[PartCars] ([PartId], [CarId]) VALUES (29, 276)
GO
INSERT [dbo].[PartCars] ([PartId], [CarId]) VALUES (55, 276)
INSERT [dbo].[PartCars] ([PartId], [CarId]) VALUES (55, 277)
INSERT [dbo].[PartCars] ([PartId], [CarId]) VALUES (81, 277)
INSERT [dbo].[PartCars] ([PartId], [CarId]) VALUES (102, 277)
INSERT [dbo].[PartCars] ([PartId], [CarId]) VALUES (44, 278)
INSERT [dbo].[PartCars] ([PartId], [CarId]) VALUES (81, 278)
INSERT [dbo].[PartCars] ([PartId], [CarId]) VALUES (128, 278)
INSERT [dbo].[PartCars] ([PartId], [CarId]) VALUES (22, 279)
INSERT [dbo].[PartCars] ([PartId], [CarId]) VALUES (44, 279)
INSERT [dbo].[PartCars] ([PartId], [CarId]) VALUES (69, 279)
INSERT [dbo].[PartCars] ([PartId], [CarId]) VALUES (11, 280)
INSERT [dbo].[PartCars] ([PartId], [CarId]) VALUES (48, 280)
INSERT [dbo].[PartCars] ([PartId], [CarId]) VALUES (95, 280)
INSERT [dbo].[PartCars] ([PartId], [CarId]) VALUES (11, 281)
INSERT [dbo].[PartCars] ([PartId], [CarId]) VALUES (120, 281)
INSERT [dbo].[PartCars] ([PartId], [CarId]) VALUES (36, 282)
INSERT [dbo].[PartCars] ([PartId], [CarId]) VALUES (62, 282)
INSERT [dbo].[PartCars] ([PartId], [CarId]) VALUES (83, 282)
INSERT [dbo].[PartCars] ([PartId], [CarId]) VALUES (3, 283)
INSERT [dbo].[PartCars] ([PartId], [CarId]) VALUES (50, 283)
INSERT [dbo].[PartCars] ([PartId], [CarId]) VALUES (87, 283)
INSERT [dbo].[PartCars] ([PartId], [CarId]) VALUES (109, 283)
INSERT [dbo].[PartCars] ([PartId], [CarId]) VALUES (29, 284)
INSERT [dbo].[PartCars] ([PartId], [CarId]) VALUES (50, 284)
INSERT [dbo].[PartCars] ([PartId], [CarId]) VALUES (76, 284)
INSERT [dbo].[PartCars] ([PartId], [CarId]) VALUES (76, 285)
INSERT [dbo].[PartCars] ([PartId], [CarId]) VALUES (102, 285)
INSERT [dbo].[PartCars] ([PartId], [CarId]) VALUES (123, 285)
INSERT [dbo].[PartCars] ([PartId], [CarId]) VALUES (18, 286)
INSERT [dbo].[PartCars] ([PartId], [CarId]) VALUES (43, 286)
INSERT [dbo].[PartCars] ([PartId], [CarId]) VALUES (90, 286)
INSERT [dbo].[PartCars] ([PartId], [CarId]) VALUES (127, 286)
INSERT [dbo].[PartCars] ([PartId], [CarId]) VALUES (32, 287)
INSERT [dbo].[PartCars] ([PartId], [CarId]) VALUES (69, 287)
INSERT [dbo].[PartCars] ([PartId], [CarId]) VALUES (90, 287)
INSERT [dbo].[PartCars] ([PartId], [CarId]) VALUES (116, 287)
INSERT [dbo].[PartCars] ([PartId], [CarId]) VALUES (10, 288)
INSERT [dbo].[PartCars] ([PartId], [CarId]) VALUES (32, 288)
INSERT [dbo].[PartCars] ([PartId], [CarId]) VALUES (57, 288)
INSERT [dbo].[PartCars] ([PartId], [CarId]) VALUES (36, 289)
INSERT [dbo].[PartCars] ([PartId], [CarId]) VALUES (83, 289)
INSERT [dbo].[PartCars] ([PartId], [CarId]) VALUES (130, 289)
INSERT [dbo].[PartCars] ([PartId], [CarId]) VALUES (24, 290)
INSERT [dbo].[PartCars] ([PartId], [CarId]) VALUES (50, 290)
INSERT [dbo].[PartCars] ([PartId], [CarId]) VALUES (71, 290)
INSERT [dbo].[PartCars] ([PartId], [CarId]) VALUES (97, 290)
INSERT [dbo].[PartCars] ([PartId], [CarId]) VALUES (108, 290)
INSERT [dbo].[PartCars] ([PartId], [CarId]) VALUES (130, 290)
INSERT [dbo].[PartCars] ([PartId], [CarId]) VALUES (39, 291)
INSERT [dbo].[PartCars] ([PartId], [CarId]) VALUES (76, 291)
INSERT [dbo].[PartCars] ([PartId], [CarId]) VALUES (97, 291)
INSERT [dbo].[PartCars] ([PartId], [CarId]) VALUES (123, 291)
INSERT [dbo].[PartCars] ([PartId], [CarId]) VALUES (17, 292)
INSERT [dbo].[PartCars] ([PartId], [CarId]) VALUES (39, 292)
INSERT [dbo].[PartCars] ([PartId], [CarId]) VALUES (64, 292)
INSERT [dbo].[PartCars] ([PartId], [CarId]) VALUES (111, 292)
INSERT [dbo].[PartCars] ([PartId], [CarId]) VALUES (6, 293)
INSERT [dbo].[PartCars] ([PartId], [CarId]) VALUES (31, 293)
INSERT [dbo].[PartCars] ([PartId], [CarId]) VALUES (90, 293)
INSERT [dbo].[PartCars] ([PartId], [CarId]) VALUES (111, 293)
INSERT [dbo].[PartCars] ([PartId], [CarId]) VALUES (115, 293)
INSERT [dbo].[PartCars] ([PartId], [CarId]) VALUES (31, 294)
INSERT [dbo].[PartCars] ([PartId], [CarId]) VALUES (57, 294)
INSERT [dbo].[PartCars] ([PartId], [CarId]) VALUES (78, 294)
INSERT [dbo].[PartCars] ([PartId], [CarId]) VALUES (20, 295)
INSERT [dbo].[PartCars] ([PartId], [CarId]) VALUES (57, 295)
INSERT [dbo].[PartCars] ([PartId], [CarId]) VALUES (104, 295)
INSERT [dbo].[PartCars] ([PartId], [CarId]) VALUES (20, 296)
INSERT [dbo].[PartCars] ([PartId], [CarId]) VALUES (45, 296)
INSERT [dbo].[PartCars] ([PartId], [CarId]) VALUES (129, 296)
INSERT [dbo].[PartCars] ([PartId], [CarId]) VALUES (24, 297)
INSERT [dbo].[PartCars] ([PartId], [CarId]) VALUES (45, 297)
INSERT [dbo].[PartCars] ([PartId], [CarId]) VALUES (71, 297)
INSERT [dbo].[PartCars] ([PartId], [CarId]) VALUES (71, 298)
INSERT [dbo].[PartCars] ([PartId], [CarId]) VALUES (97, 298)
INSERT [dbo].[PartCars] ([PartId], [CarId]) VALUES (118, 298)
INSERT [dbo].[PartCars] ([PartId], [CarId]) VALUES (13, 299)
INSERT [dbo].[PartCars] ([PartId], [CarId]) VALUES (38, 299)
INSERT [dbo].[PartCars] ([PartId], [CarId]) VALUES (60, 299)
INSERT [dbo].[PartCars] ([PartId], [CarId]) VALUES (97, 299)
INSERT [dbo].[PartCars] ([PartId], [CarId]) VALUES (38, 300)
INSERT [dbo].[PartCars] ([PartId], [CarId]) VALUES (64, 300)
INSERT [dbo].[PartCars] ([PartId], [CarId]) VALUES (85, 300)
INSERT [dbo].[PartCars] ([PartId], [CarId]) VALUES (5, 301)
INSERT [dbo].[PartCars] ([PartId], [CarId]) VALUES (27, 301)
INSERT [dbo].[PartCars] ([PartId], [CarId]) VALUES (64, 301)
INSERT [dbo].[PartCars] ([PartId], [CarId]) VALUES (111, 301)
INSERT [dbo].[PartCars] ([PartId], [CarId]) VALUES (5, 302)
INSERT [dbo].[PartCars] ([PartId], [CarId]) VALUES (52, 302)
INSERT [dbo].[PartCars] ([PartId], [CarId]) VALUES (52, 303)
INSERT [dbo].[PartCars] ([PartId], [CarId]) VALUES (78, 303)
INSERT [dbo].[PartCars] ([PartId], [CarId]) VALUES (99, 303)
INSERT [dbo].[PartCars] ([PartId], [CarId]) VALUES (78, 304)
INSERT [dbo].[PartCars] ([PartId], [CarId]) VALUES (103, 304)
INSERT [dbo].[PartCars] ([PartId], [CarId]) VALUES (125, 304)
INSERT [dbo].[PartCars] ([PartId], [CarId]) VALUES (19, 305)
INSERT [dbo].[PartCars] ([PartId], [CarId]) VALUES (45, 305)
INSERT [dbo].[PartCars] ([PartId], [CarId]) VALUES (66, 305)
INSERT [dbo].[PartCars] ([PartId], [CarId]) VALUES (8, 306)
INSERT [dbo].[PartCars] ([PartId], [CarId]) VALUES (45, 306)
GO
INSERT [dbo].[PartCars] ([PartId], [CarId]) VALUES (92, 306)
INSERT [dbo].[PartCars] ([PartId], [CarId]) VALUES (34, 307)
INSERT [dbo].[PartCars] ([PartId], [CarId]) VALUES (118, 307)
INSERT [dbo].[PartCars] ([PartId], [CarId]) VALUES (12, 308)
INSERT [dbo].[PartCars] ([PartId], [CarId]) VALUES (34, 308)
INSERT [dbo].[PartCars] ([PartId], [CarId]) VALUES (59, 308)
INSERT [dbo].[PartCars] ([PartId], [CarId]) VALUES (1, 309)
INSERT [dbo].[PartCars] ([PartId], [CarId]) VALUES (59, 309)
INSERT [dbo].[PartCars] ([PartId], [CarId]) VALUES (85, 309)
INSERT [dbo].[PartCars] ([PartId], [CarId]) VALUES (106, 309)
INSERT [dbo].[PartCars] ([PartId], [CarId]) VALUES (1, 310)
INSERT [dbo].[PartCars] ([PartId], [CarId]) VALUES (48, 310)
INSERT [dbo].[PartCars] ([PartId], [CarId]) VALUES (26, 311)
INSERT [dbo].[PartCars] ([PartId], [CarId]) VALUES (48, 311)
INSERT [dbo].[PartCars] ([PartId], [CarId]) VALUES (73, 311)
INSERT [dbo].[PartCars] ([PartId], [CarId]) VALUES (52, 312)
INSERT [dbo].[PartCars] ([PartId], [CarId]) VALUES (73, 312)
INSERT [dbo].[PartCars] ([PartId], [CarId]) VALUES (99, 312)
INSERT [dbo].[PartCars] ([PartId], [CarId]) VALUES (15, 313)
INSERT [dbo].[PartCars] ([PartId], [CarId]) VALUES (40, 313)
INSERT [dbo].[PartCars] ([PartId], [CarId]) VALUES (124, 313)
INSERT [dbo].[PartCars] ([PartId], [CarId]) VALUES (40, 314)
INSERT [dbo].[PartCars] ([PartId], [CarId]) VALUES (66, 314)
INSERT [dbo].[PartCars] ([PartId], [CarId]) VALUES (87, 314)
INSERT [dbo].[PartCars] ([PartId], [CarId]) VALUES (66, 315)
INSERT [dbo].[PartCars] ([PartId], [CarId]) VALUES (92, 315)
INSERT [dbo].[PartCars] ([PartId], [CarId]) VALUES (113, 315)
INSERT [dbo].[PartCars] ([PartId], [CarId]) VALUES (8, 316)
INSERT [dbo].[PartCars] ([PartId], [CarId]) VALUES (33, 316)
INSERT [dbo].[PartCars] ([PartId], [CarId]) VALUES (55, 316)
INSERT [dbo].[PartCars] ([PartId], [CarId]) VALUES (92, 316)
INSERT [dbo].[PartCars] ([PartId], [CarId]) VALUES (33, 317)
INSERT [dbo].[PartCars] ([PartId], [CarId]) VALUES (80, 317)
INSERT [dbo].[PartCars] ([PartId], [CarId]) VALUES (127, 317)
INSERT [dbo].[PartCars] ([PartId], [CarId]) VALUES (22, 318)
INSERT [dbo].[PartCars] ([PartId], [CarId]) VALUES (106, 318)
INSERT [dbo].[PartCars] ([PartId], [CarId]) VALUES (127, 318)
INSERT [dbo].[PartCars] ([PartId], [CarId]) VALUES (131, 318)
INSERT [dbo].[PartCars] ([PartId], [CarId]) VALUES (47, 319)
INSERT [dbo].[PartCars] ([PartId], [CarId]) VALUES (73, 319)
INSERT [dbo].[PartCars] ([PartId], [CarId]) VALUES (94, 319)
INSERT [dbo].[PartCars] ([PartId], [CarId]) VALUES (120, 319)
INSERT [dbo].[PartCars] ([PartId], [CarId]) VALUES (131, 319)
INSERT [dbo].[PartCars] ([PartId], [CarId]) VALUES (14, 320)
INSERT [dbo].[PartCars] ([PartId], [CarId]) VALUES (36, 320)
INSERT [dbo].[PartCars] ([PartId], [CarId]) VALUES (120, 320)
INSERT [dbo].[PartCars] ([PartId], [CarId]) VALUES (14, 321)
INSERT [dbo].[PartCars] ([PartId], [CarId]) VALUES (40, 321)
INSERT [dbo].[PartCars] ([PartId], [CarId]) VALUES (61, 321)
INSERT [dbo].[PartCars] ([PartId], [CarId]) VALUES (87, 321)
INSERT [dbo].[PartCars] ([PartId], [CarId]) VALUES (3, 322)
INSERT [dbo].[PartCars] ([PartId], [CarId]) VALUES (87, 322)
INSERT [dbo].[PartCars] ([PartId], [CarId]) VALUES (113, 322)
INSERT [dbo].[PartCars] ([PartId], [CarId]) VALUES (29, 323)
INSERT [dbo].[PartCars] ([PartId], [CarId]) VALUES (54, 323)
INSERT [dbo].[PartCars] ([PartId], [CarId]) VALUES (76, 323)
INSERT [dbo].[PartCars] ([PartId], [CarId]) VALUES (113, 323)
INSERT [dbo].[PartCars] ([PartId], [CarId]) VALUES (54, 324)
INSERT [dbo].[PartCars] ([PartId], [CarId]) VALUES (80, 324)
INSERT [dbo].[PartCars] ([PartId], [CarId]) VALUES (101, 324)
INSERT [dbo].[PartCars] ([PartId], [CarId]) VALUES (43, 325)
INSERT [dbo].[PartCars] ([PartId], [CarId]) VALUES (80, 325)
INSERT [dbo].[PartCars] ([PartId], [CarId]) VALUES (127, 325)
INSERT [dbo].[PartCars] ([PartId], [CarId]) VALUES (21, 326)
INSERT [dbo].[PartCars] ([PartId], [CarId]) VALUES (68, 326)
INSERT [dbo].[PartCars] ([PartId], [CarId]) VALUES (10, 327)
INSERT [dbo].[PartCars] ([PartId], [CarId]) VALUES (94, 327)
INSERT [dbo].[PartCars] ([PartId], [CarId]) VALUES (115, 327)
INSERT [dbo].[PartCars] ([PartId], [CarId]) VALUES (10, 328)
INSERT [dbo].[PartCars] ([PartId], [CarId]) VALUES (35, 328)
INSERT [dbo].[PartCars] ([PartId], [CarId]) VALUES (119, 328)
INSERT [dbo].[PartCars] ([PartId], [CarId]) VALUES (35, 329)
INSERT [dbo].[PartCars] ([PartId], [CarId]) VALUES (61, 329)
INSERT [dbo].[PartCars] ([PartId], [CarId]) VALUES (82, 329)
INSERT [dbo].[PartCars] ([PartId], [CarId]) VALUES (24, 330)
INSERT [dbo].[PartCars] ([PartId], [CarId]) VALUES (61, 330)
INSERT [dbo].[PartCars] ([PartId], [CarId]) VALUES (108, 330)
INSERT [dbo].[PartCars] ([PartId], [CarId]) VALUES (3, 331)
INSERT [dbo].[PartCars] ([PartId], [CarId]) VALUES (24, 331)
INSERT [dbo].[PartCars] ([PartId], [CarId]) VALUES (50, 331)
INSERT [dbo].[PartCars] ([PartId], [CarId]) VALUES (28, 332)
INSERT [dbo].[PartCars] ([PartId], [CarId]) VALUES (50, 332)
INSERT [dbo].[PartCars] ([PartId], [CarId]) VALUES (75, 332)
INSERT [dbo].[PartCars] ([PartId], [CarId]) VALUES (75, 333)
INSERT [dbo].[PartCars] ([PartId], [CarId]) VALUES (101, 333)
INSERT [dbo].[PartCars] ([PartId], [CarId]) VALUES (122, 333)
INSERT [dbo].[PartCars] ([PartId], [CarId]) VALUES (17, 334)
INSERT [dbo].[PartCars] ([PartId], [CarId]) VALUES (42, 334)
INSERT [dbo].[PartCars] ([PartId], [CarId]) VALUES (64, 334)
INSERT [dbo].[PartCars] ([PartId], [CarId]) VALUES (101, 334)
INSERT [dbo].[PartCars] ([PartId], [CarId]) VALUES (42, 335)
INSERT [dbo].[PartCars] ([PartId], [CarId]) VALUES (68, 335)
INSERT [dbo].[PartCars] ([PartId], [CarId]) VALUES (89, 335)
INSERT [dbo].[PartCars] ([PartId], [CarId]) VALUES (31, 336)
INSERT [dbo].[PartCars] ([PartId], [CarId]) VALUES (68, 336)
INSERT [dbo].[PartCars] ([PartId], [CarId]) VALUES (115, 336)
INSERT [dbo].[PartCars] ([PartId], [CarId]) VALUES (9, 337)
INSERT [dbo].[PartCars] ([PartId], [CarId]) VALUES (56, 337)
INSERT [dbo].[PartCars] ([PartId], [CarId]) VALUES (56, 338)
INSERT [dbo].[PartCars] ([PartId], [CarId]) VALUES (82, 338)
GO
INSERT [dbo].[PartCars] ([PartId], [CarId]) VALUES (103, 338)
INSERT [dbo].[PartCars] ([PartId], [CarId]) VALUES (129, 338)
INSERT [dbo].[PartCars] ([PartId], [CarId]) VALUES (24, 339)
INSERT [dbo].[PartCars] ([PartId], [CarId]) VALUES (71, 339)
INSERT [dbo].[PartCars] ([PartId], [CarId]) VALUES (108, 339)
INSERT [dbo].[PartCars] ([PartId], [CarId]) VALUES (129, 339)
INSERT [dbo].[PartCars] ([PartId], [CarId]) VALUES (49, 340)
INSERT [dbo].[PartCars] ([PartId], [CarId]) VALUES (71, 340)
INSERT [dbo].[PartCars] ([PartId], [CarId]) VALUES (96, 340)
INSERT [dbo].[PartCars] ([PartId], [CarId]) VALUES (12, 341)
INSERT [dbo].[PartCars] ([PartId], [CarId]) VALUES (16, 341)
INSERT [dbo].[PartCars] ([PartId], [CarId]) VALUES (38, 341)
INSERT [dbo].[PartCars] ([PartId], [CarId]) VALUES (96, 341)
INSERT [dbo].[PartCars] ([PartId], [CarId]) VALUES (122, 341)
INSERT [dbo].[PartCars] ([PartId], [CarId]) VALUES (16, 342)
INSERT [dbo].[PartCars] ([PartId], [CarId]) VALUES (63, 342)
INSERT [dbo].[PartCars] ([PartId], [CarId]) VALUES (110, 342)
INSERT [dbo].[PartCars] ([PartId], [CarId]) VALUES (5, 343)
INSERT [dbo].[PartCars] ([PartId], [CarId]) VALUES (52, 343)
INSERT [dbo].[PartCars] ([PartId], [CarId]) VALUES (89, 343)
INSERT [dbo].[PartCars] ([PartId], [CarId]) VALUES (110, 343)
INSERT [dbo].[PartCars] ([PartId], [CarId]) VALUES (30, 344)
INSERT [dbo].[PartCars] ([PartId], [CarId]) VALUES (52, 344)
INSERT [dbo].[PartCars] ([PartId], [CarId]) VALUES (77, 344)
INSERT [dbo].[PartCars] ([PartId], [CarId]) VALUES (19, 345)
INSERT [dbo].[PartCars] ([PartId], [CarId]) VALUES (56, 345)
INSERT [dbo].[PartCars] ([PartId], [CarId]) VALUES (77, 345)
INSERT [dbo].[PartCars] ([PartId], [CarId]) VALUES (103, 345)
INSERT [dbo].[PartCars] ([PartId], [CarId]) VALUES (19, 346)
INSERT [dbo].[PartCars] ([PartId], [CarId]) VALUES (129, 346)
INSERT [dbo].[PartCars] ([PartId], [CarId]) VALUES (45, 347)
INSERT [dbo].[PartCars] ([PartId], [CarId]) VALUES (70, 347)
INSERT [dbo].[PartCars] ([PartId], [CarId]) VALUES (92, 347)
INSERT [dbo].[PartCars] ([PartId], [CarId]) VALUES (117, 347)
INSERT [dbo].[PartCars] ([PartId], [CarId]) VALUES (12, 348)
INSERT [dbo].[PartCars] ([PartId], [CarId]) VALUES (59, 348)
INSERT [dbo].[PartCars] ([PartId], [CarId]) VALUES (96, 348)
INSERT [dbo].[PartCars] ([PartId], [CarId]) VALUES (117, 348)
INSERT [dbo].[PartCars] ([PartId], [CarId]) VALUES (37, 349)
INSERT [dbo].[PartCars] ([PartId], [CarId]) VALUES (59, 349)
INSERT [dbo].[PartCars] ([PartId], [CarId]) VALUES (84, 349)
INSERT [dbo].[PartCars] ([PartId], [CarId]) VALUES (26, 350)
INSERT [dbo].[PartCars] ([PartId], [CarId]) VALUES (110, 350)
INSERT [dbo].[PartCars] ([PartId], [CarId]) VALUES (131, 350)
INSERT [dbo].[PartCars] ([PartId], [CarId]) VALUES (4, 351)
INSERT [dbo].[PartCars] ([PartId], [CarId]) VALUES (51, 351)
INSERT [dbo].[PartCars] ([PartId], [CarId]) VALUES (98, 351)
INSERT [dbo].[PartCars] ([PartId], [CarId]) VALUES (40, 352)
INSERT [dbo].[PartCars] ([PartId], [CarId]) VALUES (77, 352)
INSERT [dbo].[PartCars] ([PartId], [CarId]) VALUES (98, 352)
INSERT [dbo].[PartCars] ([PartId], [CarId]) VALUES (124, 352)
INSERT [dbo].[PartCars] ([PartId], [CarId]) VALUES (19, 353)
INSERT [dbo].[PartCars] ([PartId], [CarId]) VALUES (40, 353)
INSERT [dbo].[PartCars] ([PartId], [CarId]) VALUES (66, 353)
INSERT [dbo].[PartCars] ([PartId], [CarId]) VALUES (7, 354)
INSERT [dbo].[PartCars] ([PartId], [CarId]) VALUES (44, 354)
INSERT [dbo].[PartCars] ([PartId], [CarId]) VALUES (66, 354)
INSERT [dbo].[PartCars] ([PartId], [CarId]) VALUES (91, 354)
INSERT [dbo].[PartCars] ([PartId], [CarId]) VALUES (7, 355)
INSERT [dbo].[PartCars] ([PartId], [CarId]) VALUES (33, 355)
INSERT [dbo].[PartCars] ([PartId], [CarId]) VALUES (117, 355)
INSERT [dbo].[PartCars] ([PartId], [CarId]) VALUES (33, 356)
INSERT [dbo].[PartCars] ([PartId], [CarId]) VALUES (58, 356)
INSERT [dbo].[PartCars] ([PartId], [CarId]) VALUES (80, 356)
INSERT [dbo].[PartCars] ([PartId], [CarId]) VALUES (58, 357)
INSERT [dbo].[PartCars] ([PartId], [CarId]) VALUES (84, 357)
INSERT [dbo].[PartCars] ([PartId], [CarId]) VALUES (105, 357)
INSERT [dbo].[PartCars] ([PartId], [CarId]) VALUES (25, 358)
INSERT [dbo].[PartCars] ([PartId], [CarId]) VALUES (47, 358)
INSERT [dbo].[PartCars] ([PartId], [CarId]) VALUES (131, 358)
INSERT [dbo].[__MigrationHistory] ([MigrationId], [ContextKey], [Model], [ProductVersion]) VALUES (N'201611220940175_InitialCreate', N'CarDealer.Data.CarDealerContext', 0x1F8B0800000000000400ED5CDB6EE436127D5F60FF41D0537631D3B23DC16263B43398698F8346C663EFB427489E0C5A62B78548944251461BC17E591EF249FB0B5BD495E24512FB62F7CE1A0106B64816EB72582C5695F39F3FFE9CBE5DC791F380691626E4CC3D9E1CB90E267E12846475E6E66CF9FA9FEEDBEFFFFA97E987205E3B3FD5F3DEF079B0926467EE3D63E9A9E765FE3D8E513689439F2659B264133F893D1424DEC9D1D177DEF1B18781840BB41C67FA39272C8C71F10BFC3A4B888F5396A3E83209709455DF61645150753EA1186729F2F1993B43F41CA308D3C93962C875DE4521022E16385ABA0E22246188018FA75F32BC603421AB450A1F5074F3986298B74451862BDE4FDBE963C5383AE16278EDC29A949F672C892D091EBFA9F4E2C9CB37D2AEDBE80D34F70134CC1EB9D485F60AC5B98EBCCFE92CA27C8EA8D7D20613F8F0CA91BFBE6A300050E1FFC1943C6239C56704E78CA2E895739DDF45A1FF237EBC497EC5E48CE451247206BCC158E7037CBAA6498A297BFC8C9715BFF3C075BCEE3A4F5ED82C13D694E2CC097B73E23A9F60737417E1C6F082E80B9650FC0326982286836BC418A684D3C085EA94DDA5BD2ED1AFB8DE0D900607C6752ED1FA23262B76CF87D7AE7311AE71507FA938F84242385FB088D11C0F6EC2B5BEF75D6E287AC0518483F3306308CEA2A0C57F7CABD1A244EE137A0857855225C2D788B2CC753EE3A818CDEEC3B43CAA133E720BE882D10B9AC49F93A89A5E7CBCBD41748519B091C8238B24A7BEC4C2D46BD1DE7B063819AB43C017BC9C829EBDF8BF7BC7E7350D5B4C9E27A0D9C125FFCA51C57FBF26C622B984AA3D906BB8AA40AE213E9683459EA65188A9968B7AF0B63A712D2BDD11E56049C35B9DAE96438B13562F7A3965CF7DCAE6D93C4E13CAB801CBADDE27801144F672018C46AC7C820C80DE08B1B302A79688AD17BD20F6B911FB3EA4EC1E9E01EDDD003FDF847CE721C42AD8FF25C9C9EA9C860FBB84FF02C061803F8CDCB6F013D02F0EA8EEBA33BA9DB746FC16B5F1D4F0CB0BE67BF682E8D90714313952D926E8E8010FD2E00651D55FD603B601478BCECDF1AB674646F718FCBECBB2C40F0B3684BBA58CBCBA027D2081630CC34A8754076EE09300AB21DC273E6C79E6FE5DD18E8E5873285B6285317A694D3D41827EC1A4ABD1C490E99E6CB96A03B22E6B4793C9718FA4A690D14A7736F2D6703632A4605B90B17063E3CDA81C877E2BAAAAB216AC3E24FD1C2927665B11952B4490B339B71B0B5B1ED25942180AC15FB60EABBC1CF8005EEBDEDA5F325C5D315975C9CB6270C20BCC3A0FAFD62788A65234D05D5A4596CADA12BD038BEB43A023D09EAB0122B5A2B512344618E2A40C22542E90E6192C98ABAB88EA8D2A8C2B0F58F906EE73A40D938D9ABD31CB6B300ACB4BBEE47BBD2BC70819E5F7842A689F5B1DE358059E0570F4886DF0A343AADB44F82620D088ADF5AEFDFE5514B5445F9F98B247DD8371BBD1864948ADA71DE16B371057F6AEA2CCEDA11F2D781DF5340EB52D8178650DA4AE95788662C9F412A5293CB384E249F5C559549593D70BFBB2425CD2F0FC4C535D68B86D7682001AADB0340A5B03A71721CD18AFD9DC211E03CF82589D265F1F06C7586F27DC10AABD6A6F594FE63F4BB75451429A68CE46ABBC0B902786F0BF100D7791ADAE2A2A56284254F30A9925511E13D34BA66F75596910D7975F2C289465840E89F2D3781A9A2281484F33ACD29E7A925A65B3798ADDA41324636014424C0E7F34448A88C11E23FA65FB0149997011D7975FC653A8B2EC2289EAD3781A6DDA5D24D37E3D1848B437F816B068E2407B6898971E2A3CC4F470870FE1FBC198B7BD83B7B9180CF1C498DBC1B8F450CD2BE4524532C2671BA874B2A95DB474860E063065DCB78D2FE0AFB10DFC8076D97E40D2E627451AEDD7A73746371E562FEDEAD1DA7B2F57737477AFE1D5A3A951751EB7AA1A4619A3A0A3B308D742B3A90D3FD5E362437EF893CC8E1DF981626D33F9113E7873D613C7444E1A55E95FEA1BEAAB21B6031BEA9FFE1B3266CD0F3C9F82B0C843CE335E7C680A0F23C5DD1E074D3EA2D75F9653C6B8449D8AA5B4C3939D927E6EB6C3E07E4CAD977147566EB23203A66EE66D656F29EFB2A9D16B323BB3BC94523A2CF39BA51DC680929992A734314293A1923251D32A2B34A2B7574E1395535C07C47F08039E225A3C660CC715AE7E8B66E0C178E8524FB844245CE28C958566F7E4E8F8446A113E9C765D2FCB82489355937A76BBF67A824279C8153A580AB76CB010BB65C903A2FE3DA2DFC468FD3791927547EC56948C5DAF77E1AAD041AF88763DA75F8711C5A69EAD54DF69E85C460962B614E4FECE6183A9343A11904046A959CE4980D767EEEFC5BA5367FEF3ADB0F4957345C1F39C3A47CEBFFBA5B06FA47C81CD4087E25DB8B3736AA8D3FFDF2B5D69B20BE067B6B326BB1D5A500D24FF67AD27B792293E7214953AEEB7F36DE5AAF16E4DB3AF18705A6EDE2EDD8363D52685C681C49CDD51E79ADE5B43A06AF6B0D359B5CCA4AF67838AC559EEE9EED33EA9A4E692C1E6B463E5817945CE71841976DEF9E5036086321F05AAA2F8F3AB6FEF26CD216C3FDC0E0864002F9872FF8022785C658CC2F34A49B042A444FC30459128ADFABA1CE3D4B82C0D3979E41CA798706F25493666AB9EC4674356D2E990EC164D76FDE952C158B2A13446FA6A6032D6744F881273A2ED094062D952BB8B2EDA517E6947E6EE2944EFC5E6A3F619C8A73F85D5871A8B47B884A15EE9A209D3BA59F7900FB5A1927968277A546F75373B6DDDFEFC7CA636B71E3CA3BDFBB3E63B37BAA1C75CE925940DA634909BFAC7CBF432BC68EF12306C19B46A3B56759DE5C6C6721D557DA3AFA9E7BCB7E55C47DED88F6CEC48EF6D48D7EAC5D8D5AAEB5737B6AB6BB9D7F5DC6A75AEB7653362D2BCD6A6FD9DF24D6F704FC3BCA1D8A3C400725D7BA8555E90B2D3CAB07D1FB5DA88DF279EBEC6265F9F524FECF309B787BF00D036FD0F8A3868F1A7EFF0B7B5947886DB22ED0135F2CB7EACDB75B74FD12C5AF5D5C227DC86C2FFFA08AEE22C5CB52478399760BF730F3673E66499D477B2C4513D452E95618602B824DF51162E91CF60D8C75956FC2DF64F28CA61CA87F80E07737295B3346720328EEFA24E9B2EBFD6FBF62FFE1EA1CBF3F42A2DFE58741722009B21CF375F91F77918050DDF179AD49281048F17AACC2CB725E319DAD56343E953424612AAD4D7843937384E2320965D91057AC09BF0F625C31FF10AF98F75FDDA4C64D8105DB54FCF43B4A228CE2A1AED7AF815301CC4EBEFFF0BC179C9BC014C0000, N'6.1.3-40302')
